product_id,product_name,category,subcategory,cost_price
PROD_0001,Quality-Focused Human-Resource Utilization,Clothing,Men,357.16
PROD_0002,Visionary Logistical Infrastructure,Home,Kitchen,213.66
PROD_0003,Mandatory Background Circuit,Home,Kitchen,398.18
PROD_0004,Compatible Exuding Complexity,Home,Decor,184.61
PROD_0005,Self-Enabling Intermediate Functionalities,Clothing,Kids,134.96
PROD_0006,Assimilated Dynamic Function,Home,Furniture,55.95
PROD_0007,Focused Composite Workforce,Electronics,Smartphones,420.51
PROD_0008,Assimilated Tertiary Attitude,Electronics,Audio,283.62
PROD_0009,Configurable Grid-Enabled Ability,Home,Decor,407.27
PROD_0010,Reduced Static Database,Books,Fiction,194.23
PROD_0011,Innovative 6Thgeneration Initiative,Electronics,Accessories,175.81
PROD_0012,Assimilated Heuristic Hub,Books,Fiction,297.56
PROD_0013,Devolved Clear-Thinking Flexibility,Books,Fiction,234.68
PROD_0014,Universal 3Rdgeneration Ability,Clothing,Kids,344.41
PROD_0015,Realigned Didactic Instruction Set,Home,Kitchen,178.04
PROD_0016,Triple-Buffered Object-Oriented Workforce,Books,Comics,284.05
PROD_0017,Re-Contextualized Intangible Pricing Structure,Electronics,Audio,477.16
PROD_0018,Operative Neutral Firmware,Home,Furniture,488.23
PROD_0019,Cloned Fresh-Thinking Time-Frame,Electronics,Audio,260.16
PROD_0020,Focused 24Hour Data-Warehouse,Electronics,Smartphones,463.84
PROD_0021,Cross-Group 3Rdgeneration Database,Clothing,Kids,31.66
PROD_0022,Streamlined Heuristic Collaboration,Books,Non-Fiction,123.61
PROD_0023,Reduced Dedicated Neural-Net,Clothing,Kids,226.25
PROD_0024,Team-Oriented Secondary Paradigm,Electronics,Audio,208.98
PROD_0025,Open-Architected Web-Enabled Framework,Books,Comics,323.85
PROD_0026,Phased Client-Driven Success,Clothing,Kids,22.76
PROD_0027,User-Centric Optimizing Leverage,Home,Decor,145.6
PROD_0028,Programmable 24/7 Customer Loyalty,Clothing,Kids,116.27
PROD_0029,Face-To-Face Attitude-Oriented Internet Solution,Electronics,Accessories,248.08
PROD_0030,Multi-Channeled Context-Sensitive Support,Home,Bedding,329.35
PROD_0031,Public-Key Incremental Ability,Clothing,Shoes,221.81
PROD_0032,Switchable Global Solution,Clothing,Kids,476.76
PROD_0033,Vision-Oriented Composite Architecture,Clothing,Shoes,75.37
PROD_0034,Total System-Worthy Info-Mediaries,Books,Fiction,135.24
PROD_0035,Advanced Upward-Trending Solution,Clothing,Kids,78.43
PROD_0036,Implemented Upward-Trending Moratorium,Books,Non-Fiction,225.43
PROD_0037,Business-Focused Contextually-Based Extranet,Books,Educational,203.58
PROD_0038,Function-Based Multi-State Middleware,Home,Furniture,243.96
PROD_0039,Organic Zero-Defect Core,Home,Bedding,350.48
PROD_0040,Mandatory Value-Added Hardware,Clothing,Men,13.82
PROD_0041,De-Engineered User-Facing Capability,Clothing,Men,326.89
PROD_0042,User-Centric Radical System Engine,Books,Comics,153.64
PROD_0043,Balanced Cohesive Strategy,Books,Non-Fiction,427.11
PROD_0044,Quality-Focused Discrete Policy,Books,Comics,481.47
PROD_0045,Mandatory Systematic Initiative,Clothing,Men,61.61
PROD_0046,Organized Global Standardization,Books,Comics,203.28
PROD_0047,Virtual Reciprocal Archive,Electronics,Audio,71.07
PROD_0048,Distributed Systemic Middleware,Clothing,Shoes,412.75
PROD_0049,Multi-Lateral Holistic Paradigm,Home,Kitchen,83.31
PROD_0050,Assimilated Contextually-Based Moderator,Books,Comics,318.68
PROD_0051,Cloned Human-Resource Analyzer,Books,Comics,275.28
PROD_0052,Reduced Systemic Frame,Home,Decor,139.38
PROD_0053,Enterprise-Wide Reciprocal Analyzer,Electronics,Accessories,89.24
PROD_0054,Enhanced Next Generation Project,Clothing,Kids,483.21
PROD_0055,Organic Non-Volatile Paradigm,Clothing,Kids,335.07
PROD_0056,Quality-Focused Encompassing Graphic Interface,Home,Furniture,190.76
PROD_0057,User-Friendly Even-Keeled Capability,Electronics,Accessories,446.68
PROD_0058,Seamless Mission-Critical Leverage,Books,Educational,168.12
PROD_0059,Digitized Eco-Centric Encryption,Clothing,Kids,10.15
PROD_0060,Assimilated Zero Administration Paradigm,Clothing,Women,478.73
PROD_0061,Implemented Fault-Tolerant Core,Clothing,Shoes,353.34
PROD_0062,De-Engineered National Success,Books,Comics,375.46
PROD_0063,Focused Holistic Parallelism,Clothing,Women,86.94
PROD_0064,Multi-Channeled High-Level Framework,Electronics,Accessories,247.53
PROD_0065,Self-Enabling Optimizing Circuit,Home,Bedding,373.42
PROD_0066,Synergistic 24/7 Orchestration,Electronics,Audio,215.12
PROD_0067,Multi-Channeled Demand-Driven Graphical User Interface,Books,Fiction,449.15
PROD_0068,Expanded Value-Added Hierarchy,Books,Comics,209.98
PROD_0069,Assimilated Responsive System Engine,Home,Furniture,14.53
PROD_0070,Polarized Next Generation Standardization,Home,Kitchen,76.28
PROD_0071,Innovative Discrete Productivity,Home,Decor,190.97
PROD_0072,Total Holistic Migration,Home,Furniture,363.38
PROD_0073,Persistent Modular Database,Home,Bedding,443.69
PROD_0074,Team-Oriented Cohesive Database,Home,Bedding,397.12
PROD_0075,Versatile High-Level Help-Desk,Books,Educational,116.84
PROD_0076,User-Centric Zero Tolerance Graphic Interface,Books,Educational,26.02
PROD_0077,Face-To-Face Optimal Definition,Books,Fiction,99.35
PROD_0078,Multi-Lateral Client-Driven Knowledgebase,Clothing,Kids,120.47
PROD_0079,Balanced Eco-Centric Structure,Electronics,Laptops,353.78
PROD_0080,Re-Contextualized Foreground Software,Electronics,Smartphones,319.65
PROD_0081,Configurable Homogeneous Core,Books,Comics,480.79
PROD_0082,Persevering Motivating Migration,Books,Educational,306.58
PROD_0083,Seamless 4Thgeneration Access,Electronics,Audio,354.04
PROD_0084,Multi-Tiered Hybrid System Engine,Books,Fiction,231.84
PROD_0085,Grass-Roots Homogeneous Artificial Intelligence,Electronics,Smartphones,121.5
PROD_0086,Monitored Attitude-Oriented Toolset,Books,Comics,261.86
PROD_0087,Pre-Emptive Didactic Challenge,Clothing,Men,172.7
PROD_0088,Re-Contextualized Dedicated Hierarchy,Home,Kitchen,428.71
PROD_0089,Switchable Methodical Protocol,Clothing,Shoes,115.08
PROD_0090,Ergonomic Foreground Encryption,Books,Educational,162.95
PROD_0091,Seamless Optimizing Success,Electronics,Laptops,240.44
PROD_0092,Focused Maximized Infrastructure,Books,Comics,168.34
PROD_0093,Managed Object-Oriented Neural-Net,Books,Comics,117.1
PROD_0094,Self-Enabling Asynchronous Standardization,Home,Furniture,352.95
PROD_0095,Cloned Non-Volatile Synergy,Books,Comics,217.85
PROD_0096,Robust Radical Policy,Home,Decor,115.25
PROD_0097,Focused Empowering Definition,Books,Fiction,485.25
PROD_0098,Balanced Client-Server Forecast,Home,Bedding,361.26
PROD_0099,Down-Sized Methodical Internet Solution,Clothing,Shoes,452.08
PROD_0100,Quality-Focused Responsive Flexibility,Books,Comics,356.62
PROD_0101,Synergized Neutral Projection,Clothing,Kids,132.42
PROD_0102,Quality-Focused Incremental Firmware,Clothing,Women,404.01
PROD_0103,Multi-Lateral Directional Focus Group,Electronics,Accessories,124.19
PROD_0104,Up-Sized Fault-Tolerant Challenge,Home,Furniture,217.42
PROD_0105,Future-Proofed Needs-Based Matrices,Electronics,Smartphones,339.62
PROD_0106,Adaptive Interactive Help-Desk,Clothing,Women,391.68
PROD_0107,Innovative Non-Volatile Toolset,Books,Fiction,192.38
PROD_0108,Re-Contextualized Responsive Approach,Electronics,Accessories,133.69
PROD_0109,Multi-Lateral Asynchronous Projection,Home,Furniture,477.04
PROD_0110,Multi-Lateral Impactful Algorithm,Books,Comics,433.84
PROD_0111,Fundamental Grid-Enabled Database,Books,Non-Fiction,14.6
PROD_0112,Self-Enabling Actuating System Engine,Electronics,Audio,304.94
PROD_0113,Polarized 24/7 Customer Loyalty,Electronics,Accessories,191.89
PROD_0114,Configurable Regional Implementation,Electronics,Smartphones,61.62
PROD_0115,Multi-Lateral Dynamic Methodology,Clothing,Men,494.74
PROD_0116,Extended Bi-Directional Benchmark,Books,Fiction,371.77
PROD_0117,Persevering Systemic Success,Electronics,Smartphones,143.0
PROD_0118,Optional Content-Based Open Architecture,Clothing,Shoes,314.59
PROD_0119,Grass-Roots Needs-Based Framework,Electronics,Smartphones,193.68
PROD_0120,Reverse-Engineered Disintermediate Knowledgebase,Clothing,Men,276.84
PROD_0121,Total Content-Based Focus Group,Clothing,Kids,144.9
PROD_0122,Cross-Platform Interactive Hierarchy,Home,Decor,466.07
PROD_0123,Business-Focused Stable Leverage,Home,Decor,221.02
PROD_0124,Focused 5Thgeneration Budgetary Management,Home,Kitchen,149.65
PROD_0125,Enhanced Object-Oriented Implementation,Home,Bedding,320.89
PROD_0126,Ergonomic Homogeneous Forecast,Home,Decor,171.35
PROD_0127,Virtual Analyzing Service-Desk,Clothing,Women,31.65
PROD_0128,Versatile Scalable Portal,Clothing,Women,306.08
PROD_0129,Adaptive Scalable System Engine,Electronics,Accessories,418.52
PROD_0130,Secured Didactic Intranet,Electronics,Audio,154.89
PROD_0131,Total Needs-Based Info-Mediaries,Electronics,Laptops,57.06
PROD_0132,Mandatory 24/7 Migration,Electronics,Accessories,315.25
PROD_0133,Cross-Platform Heuristic Collaboration,Clothing,Shoes,6.29
PROD_0134,Synergized Cohesive Knowledge User,Electronics,Accessories,340.17
PROD_0135,Assimilated Asynchronous Time-Frame,Books,Fiction,335.94
PROD_0136,Compatible Regional Product,Books,Educational,226.9
PROD_0137,Streamlined Background Model,Electronics,Accessories,94.35
PROD_0138,Mandatory Heuristic Framework,Books,Fiction,223.64
PROD_0139,Streamlined Dynamic Hub,Books,Educational,6.5
PROD_0140,Seamless Discrete Architecture,Books,Fiction,86.03
PROD_0141,Ameliorated Foreground Process Improvement,Clothing,Shoes,54.09
PROD_0142,Enterprise-Wide Actuating Matrix,Electronics,Smartphones,216.25
PROD_0143,De-Engineered Grid-Enabled Moderator,Home,Decor,149.23
PROD_0144,Assimilated 6Thgeneration Open Architecture,Home,Decor,28.26
PROD_0145,Future-Proofed Discrete Hardware,Home,Bedding,213.85
PROD_0146,Innovative 6Thgeneration Array,Home,Kitchen,67.48
PROD_0147,Reactive Context-Sensitive Array,Home,Bedding,443.32
PROD_0148,Team-Oriented 24Hour Productivity,Electronics,Smartphones,51.9
PROD_0149,Enterprise-Wide Exuding Forecast,Books,Comics,52.49
PROD_0150,User-Centric Homogeneous Local Area Network,Books,Fiction,148.6
PROD_0151,Exclusive Global Matrices,Electronics,Accessories,202.35
PROD_0152,Compatible High-Level Conglomeration,Clothing,Men,102.23
PROD_0153,User-Friendly Mobile Database,Home,Furniture,93.27
PROD_0154,Expanded Global Project,Electronics,Laptops,190.19
PROD_0155,Down-Sized Background Pricing Structure,Clothing,Shoes,478.75
PROD_0156,Right-Sized Upward-Trending Matrices,Books,Educational,378.58
PROD_0157,Secured Executive Data-Warehouse,Books,Comics,19.43
PROD_0158,Reverse-Engineered 24/7 Emulation,Electronics,Accessories,333.63
PROD_0159,Compatible Real-Time Local Area Network,Clothing,Shoes,261.77
PROD_0160,Intuitive Real-Time Encoding,Home,Bedding,196.31
PROD_0161,Cross-Group Global Solution,Home,Decor,287.45
PROD_0162,Intuitive Intangible Emulation,Electronics,Accessories,190.56
PROD_0163,Configurable Disintermediate Process Improvement,Home,Furniture,146.64
PROD_0164,Re-Contextualized Actuating Alliance,Clothing,Men,242.3
PROD_0165,Vision-Oriented Grid-Enabled Help-Desk,Books,Comics,210.89
PROD_0166,Progressive Exuding Alliance,Home,Decor,143.89
PROD_0167,Public-Key Full-Range Methodology,Home,Decor,307.47
PROD_0168,Implemented 5Thgeneration Approach,Clothing,Kids,435.55
PROD_0169,Self-Enabling Multi-Tasking Function,Clothing,Men,199.86
PROD_0170,Synergistic Explicit Attitude,Home,Decor,30.69
PROD_0171,Extended Eco-Centric Budgetary Management,Home,Bedding,327.56
PROD_0172,Right-Sized Logistical Approach,Clothing,Kids,203.87
PROD_0173,Synchronized Zero Tolerance Data-Warehouse,Clothing,Women,308.23
PROD_0174,Robust Web-Enabled Support,Home,Furniture,45.61
PROD_0175,Customer-Focused Tangible Conglomeration,Clothing,Kids,64.66
PROD_0176,Pre-Emptive Mobile Process Improvement,Clothing,Men,457.53
PROD_0177,Fully-Configurable 24/7 Hardware,Home,Kitchen,134.12
PROD_0178,Up-Sized Client-Server Orchestration,Books,Fiction,62.29
PROD_0179,Team-Oriented Value-Added Graphic Interface,Clothing,Kids,416.24
PROD_0180,Versatile Mobile Parallelism,Books,Non-Fiction,37.65
PROD_0181,Phased Holistic Pricing Structure,Electronics,Accessories,290.38
PROD_0182,Robust Needs-Based Moratorium,Books,Educational,366.86
PROD_0183,Profound Grid-Enabled Capacity,Electronics,Laptops,425.38
PROD_0184,Multi-Layered Client-Driven Projection,Books,Educational,205.84
PROD_0185,Triple-Buffered Zero-Defect Pricing Structure,Clothing,Shoes,106.29
PROD_0186,Grass-Roots Full-Range Secured Line,Home,Bedding,371.68
PROD_0187,Horizontal Bandwidth-Monitored Support,Clothing,Shoes,413.56
PROD_0188,Cross-Platform Static Matrix,Clothing,Men,160.06
PROD_0189,Public-Key Eco-Centric Time-Frame,Home,Kitchen,371.55
PROD_0190,Enhanced Stable Encryption,Electronics,Audio,375.65
PROD_0191,Open-Source Heuristic Protocol,Electronics,Smartphones,438.64
PROD_0192,Triple-Buffered Well-Modulated Circuit,Books,Educational,78.46
PROD_0193,Organized Radical Algorithm,Home,Decor,489.52
PROD_0194,Reverse-Engineered Mission-Critical Migration,Electronics,Smartphones,303.98
PROD_0195,Virtual Logistical Definition,Books,Fiction,488.92
PROD_0196,Reactive Responsive Ability,Books,Comics,457.77
PROD_0197,Polarized Zero Tolerance Approach,Home,Decor,456.9
PROD_0198,Realigned System-Worthy Access,Books,Non-Fiction,316.19
PROD_0199,Right-Sized Zero-Defect Definition,Books,Non-Fiction,355.78
PROD_0200,Reverse-Engineered 6Thgeneration Capability,Home,Bedding,264.95
PROD_0201,Pre-Emptive Bandwidth-Monitored Attitude,Home,Furniture,274.69
PROD_0202,Fully-Configurable Encompassing Solution,Home,Kitchen,398.44
PROD_0203,Multi-Tiered Multimedia Encoding,Electronics,Accessories,482.56
PROD_0204,Self-Enabling Methodical Ability,Electronics,Accessories,251.01
PROD_0205,Team-Oriented Value-Added Archive,Electronics,Smartphones,369.14
PROD_0206,Synergistic Regional Standardization,Clothing,Men,286.74
PROD_0207,User-Friendly Human-Resource Toolset,Home,Decor,36.61
PROD_0208,Multi-Channeled Maximized Hierarchy,Books,Non-Fiction,369.23
PROD_0209,Re-Engineered Background Customer Loyalty,Books,Comics,340.27
PROD_0210,Streamlined System-Worthy Functionalities,Clothing,Women,252.44
PROD_0211,Profound Context-Sensitive Orchestration,Clothing,Kids,200.77
PROD_0212,Intuitive Leadingedge Paradigm,Home,Decor,314.22
PROD_0213,Multi-Tiered Dedicated Initiative,Clothing,Shoes,463.61
PROD_0214,Configurable Needs-Based Database,Home,Furniture,94.54
PROD_0215,Advanced Hybrid Support,Home,Bedding,217.76
PROD_0216,Integrated Non-Volatile Monitoring,Electronics,Smartphones,411.79
PROD_0217,Multi-Tiered User-Facing Task-Force,Books,Fiction,177.49
PROD_0218,De-Engineered Regional Moratorium,Home,Decor,266.85
PROD_0219,Operative Next Generation Infrastructure,Clothing,Women,64.76
PROD_0220,Ergonomic Bi-Directional Graphical User Interface,Clothing,Kids,479.85
PROD_0221,Multi-Layered Secondary Superstructure,Clothing,Women,185.4
PROD_0222,Virtual Attitude-Oriented Infrastructure,Home,Bedding,343.8
PROD_0223,Integrated Stable Hierarchy,Electronics,Accessories,159.78
PROD_0224,Self-Enabling Client-Driven Model,Books,Fiction,294.75
PROD_0225,Profit-Focused 5Thgeneration Database,Electronics,Smartphones,342.44
PROD_0226,Persistent Content-Based Data-Warehouse,Electronics,Accessories,13.44
PROD_0227,Managed User-Facing Functionalities,Home,Kitchen,42.25
PROD_0228,Customer-Focused High-Level Policy,Books,Fiction,200.52
PROD_0229,Persevering Radical Synergy,Books,Comics,472.69
PROD_0230,Operative Human-Resource Project,Electronics,Smartphones,6.89
PROD_0231,Reverse-Engineered Actuating Groupware,Clothing,Kids,262.61
PROD_0232,Intuitive Tangible Challenge,Electronics,Accessories,258.65
PROD_0233,Fully-Configurable Bi-Directional Archive,Books,Fiction,374.88
PROD_0234,Switchable 24Hour Capability,Electronics,Smartphones,380.93
PROD_0235,Triple-Buffered Client-Server Circuit,Home,Kitchen,148.38
PROD_0236,Devolved Local Open System,Clothing,Kids,14.38
PROD_0237,Inverse Bottom-Line Budgetary Management,Home,Kitchen,437.24
PROD_0238,Synergistic 6Thgeneration Model,Clothing,Shoes,342.71
PROD_0239,Virtual Disintermediate Methodology,Home,Bedding,439.39
PROD_0240,Re-Engineered Uniform Matrices,Clothing,Men,32.45
PROD_0241,Triple-Buffered Uniform Process Improvement,Clothing,Shoes,113.85
PROD_0242,Total Intangible Capability,Clothing,Women,226.09
PROD_0243,Multi-Channeled Next Generation Data-Warehouse,Books,Educational,158.12
PROD_0244,Operative Analyzing Initiative,Clothing,Kids,344.18
PROD_0245,Devolved User-Facing Challenge,Books,Comics,376.53
PROD_0246,De-Engineered Context-Sensitive Collaboration,Electronics,Audio,379.15
PROD_0247,Universal Scalable Budgetary Management,Clothing,Women,459.24
PROD_0248,Exclusive Grid-Enabled Database,Books,Fiction,211.34
PROD_0249,Future-Proofed Tangible Installation,Electronics,Audio,407.79
PROD_0250,Realigned Regional Orchestration,Clothing,Men,25.45
PROD_0251,Customizable System-Worthy Complexity,Electronics,Smartphones,455.72
PROD_0252,Business-Focused Intermediate Solution,Clothing,Shoes,362.48
PROD_0253,User-Friendly Fresh-Thinking Algorithm,Electronics,Smartphones,223.75
PROD_0254,Adaptive Homogeneous Methodology,Electronics,Audio,74.6
PROD_0255,Fully-Configurable Asymmetric Task-Force,Books,Educational,166.57
PROD_0256,Programmable Directional Hardware,Electronics,Laptops,492.58
PROD_0257,Cross-Platform Context-Sensitive Help-Desk,Clothing,Shoes,309.45
PROD_0258,Realigned Multimedia Leverage,Home,Decor,368.21
PROD_0259,Fundamental High-Level Internet Solution,Home,Kitchen,9.21
PROD_0260,Public-Key Bandwidth-Monitored Graphic Interface,Books,Comics,51.02
PROD_0261,Cross-Group Static Utilization,Electronics,Laptops,173.04
PROD_0262,Fully-Configurable Human-Resource Focus Group,Clothing,Women,423.42
PROD_0263,Front-Line Intermediate Methodology,Clothing,Shoes,390.69
PROD_0264,Upgradable Didactic Artificial Intelligence,Electronics,Smartphones,56.25
PROD_0265,Configurable 4Thgeneration Support,Clothing,Shoes,14.0
PROD_0266,Persevering Fresh-Thinking Hub,Electronics,Accessories,351.64
PROD_0267,Organized Uniform Definition,Home,Decor,91.72
PROD_0268,Robust Asynchronous Encoding,Home,Bedding,326.0
PROD_0269,Seamless Leadingedge Projection,Clothing,Men,334.84
PROD_0270,Digitized Attitude-Oriented Data-Warehouse,Clothing,Women,287.21
PROD_0271,Expanded Mobile Knowledgebase,Home,Bedding,475.28
PROD_0272,Ameliorated Radical Extranet,Books,Fiction,458.27
PROD_0273,Re-Contextualized Bifurcated Concept,Electronics,Accessories,465.76
PROD_0274,Team-Oriented Multimedia Standardization,Clothing,Kids,59.63
PROD_0275,Vision-Oriented Heuristic Intranet,Home,Bedding,79.84
PROD_0276,Persevering Transitional Conglomeration,Clothing,Kids,64.66
PROD_0277,Customizable Grid-Enabled Service-Desk,Clothing,Men,181.7
PROD_0278,Reactive Value-Added Time-Frame,Books,Comics,160.18
PROD_0279,Optimized Analyzing Collaboration,Electronics,Audio,425.69
PROD_0280,Advanced Even-Keeled Intranet,Clothing,Men,149.57
PROD_0281,Automated Bifurcated Service-Desk,Home,Decor,352.86
PROD_0282,Virtual Mission-Critical Graphical User Interface,Electronics,Laptops,211.65
PROD_0283,Automated 5Thgeneration Function,Home,Furniture,320.74
PROD_0284,Optional Web-Enabled Utilization,Electronics,Smartphones,200.84
PROD_0285,Extended Even-Keeled Application,Books,Educational,392.91
PROD_0286,Versatile Even-Keeled Definition,Clothing,Kids,119.27
PROD_0287,Persistent Solution-Oriented Throughput,Books,Fiction,199.5
PROD_0288,User-Friendly Clear-Thinking Moratorium,Home,Decor,270.29
PROD_0289,Face-To-Face Composite Software,Books,Fiction,226.21
PROD_0290,Fundamental Methodical Focus Group,Clothing,Kids,113.85
PROD_0291,Organic Asymmetric Contingency,Clothing,Shoes,185.5
PROD_0292,De-Engineered Well-Modulated Support,Electronics,Accessories,355.63
PROD_0293,Business-Focused Composite Project,Books,Non-Fiction,229.75
PROD_0294,Horizontal National Ability,Electronics,Audio,410.82
PROD_0295,Realigned Exuding Service-Desk,Clothing,Shoes,86.56
PROD_0296,Advanced Value-Added Hardware,Home,Bedding,306.74
PROD_0297,Visionary Mobile Encryption,Electronics,Smartphones,169.88
PROD_0298,Realigned Executive Forecast,Home,Bedding,298.63
PROD_0299,Extended Systematic Ability,Books,Non-Fiction,382.11
PROD_0300,Innovative Static Matrix,Clothing,Shoes,301.35
PROD_0301,Programmable Needs-Based Access,Books,Non-Fiction,495.01
PROD_0302,Enhanced Interactive Groupware,Clothing,Kids,142.45
PROD_0303,Versatile Well-Modulated Graphical User Interface,Books,Educational,241.37
PROD_0304,Configurable Intangible Implementation,Books,Non-Fiction,142.83
PROD_0305,Fundamental Static Local Area Network,Electronics,Audio,84.62
PROD_0306,Quality-Focused Explicit Productivity,Home,Furniture,115.37
PROD_0307,Phased User-Facing Access,Home,Decor,185.95
PROD_0308,Business-Focused Exuding Task-Force,Electronics,Audio,155.51
PROD_0309,Seamless Optimal Middleware,Electronics,Accessories,147.7
PROD_0310,Down-Sized Exuding Framework,Books,Fiction,161.12
PROD_0311,Multi-Layered Zero Administration Neural-Net,Books,Fiction,42.46
PROD_0312,Digitized 5Thgeneration Circuit,Home,Bedding,151.62
PROD_0313,Phased User-Facing Encoding,Clothing,Women,31.18
PROD_0314,Networked Upward-Trending Product,Clothing,Kids,340.35
PROD_0315,Horizontal Directional Framework,Books,Non-Fiction,64.05
PROD_0316,Expanded Actuating Core,Home,Bedding,90.64
PROD_0317,Synergized Attitude-Oriented Algorithm,Clothing,Kids,272.72
PROD_0318,Vision-Oriented Executive Monitoring,Books,Comics,382.59
PROD_0319,Digitized Reciprocal Benchmark,Electronics,Accessories,160.99
PROD_0320,Vision-Oriented Even-Keeled Benchmark,Home,Kitchen,264.48
PROD_0321,Quality-Focused Hybrid Definition,Electronics,Accessories,449.81
PROD_0322,Fundamental Neutral Graphic Interface,Home,Bedding,97.33
PROD_0323,Multi-Lateral Even-Keeled Firmware,Books,Educational,71.72
PROD_0324,Multi-Tiered Fault-Tolerant Archive,Clothing,Kids,215.18
PROD_0325,Right-Sized Systematic Extranet,Books,Fiction,290.31
PROD_0326,Pre-Emptive Client-Server Structure,Clothing,Women,319.41
PROD_0327,Total 5Thgeneration Synergy,Books,Educational,321.24
PROD_0328,Adaptive Analyzing Service-Desk,Home,Kitchen,408.62
PROD_0329,Ameliorated 24Hour Info-Mediaries,Home,Bedding,74.8
PROD_0330,Future-Proofed Directional Ability,Electronics,Laptops,203.52
PROD_0331,Universal Stable Synergy,Home,Furniture,188.75
PROD_0332,Inverse Demand-Driven Projection,Electronics,Accessories,75.23
PROD_0333,Assimilated Directional Service-Desk,Electronics,Laptops,31.95
PROD_0334,Organic Composite Local Area Network,Books,Non-Fiction,374.17
PROD_0335,Adaptive Exuding Encoding,Books,Comics,362.11
PROD_0336,Extended Client-Server Open System,Electronics,Laptops,360.15
PROD_0337,Multi-Tiered Multimedia Standardization,Electronics,Laptops,493.36
PROD_0338,Enhanced Asymmetric Firmware,Electronics,Laptops,61.24
PROD_0339,Distributed Uniform Challenge,Home,Kitchen,456.44
PROD_0340,Function-Based Multimedia Architecture,Clothing,Men,208.91
PROD_0341,Advanced Methodical Open Architecture,Books,Comics,350.17
PROD_0342,Assimilated Asymmetric Flexibility,Home,Kitchen,23.86
PROD_0343,Multi-Layered Intangible Attitude,Clothing,Men,248.98
PROD_0344,Centralized Demand-Driven Parallelism,Home,Bedding,181.51
PROD_0345,Robust Directional Info-Mediaries,Books,Educational,148.14
PROD_0346,Streamlined Mobile Intranet,Books,Educational,170.29
PROD_0347,Implemented Dedicated Methodology,Books,Non-Fiction,452.56
PROD_0348,Implemented Static Model,Clothing,Kids,328.41
PROD_0349,Exclusive Content-Based Task-Force,Electronics,Accessories,473.15
PROD_0350,Reverse-Engineered Disintermediate Architecture,Home,Decor,492.01
PROD_0351,Team-Oriented Composite Attitude,Home,Furniture,327.83
PROD_0352,Virtual Multi-State Firmware,Electronics,Laptops,38.53
PROD_0353,Managed Systematic Product,Books,Comics,439.98
PROD_0354,Adaptive 3Rdgeneration Encryption,Home,Furniture,13.91
PROD_0355,Grass-Roots System-Worthy Application,Home,Bedding,84.18
PROD_0356,Intuitive Stable Conglomeration,Electronics,Accessories,55.51
PROD_0357,Function-Based Next Generation Moderator,Electronics,Smartphones,109.21
PROD_0358,Fully-Configurable Maximized Support,Electronics,Laptops,83.63
PROD_0359,Object-Based Dedicated Application,Electronics,Laptops,22.22
PROD_0360,Horizontal Solution-Oriented Installation,Books,Fiction,290.07
PROD_0361,Fundamental Executive Application,Home,Furniture,67.28
PROD_0362,Multi-Layered Mission-Critical Encoding,Books,Comics,169.33
PROD_0363,Persistent Attitude-Oriented Infrastructure,Books,Educational,64.87
PROD_0364,Extended Clear-Thinking Access,Clothing,Shoes,250.29
PROD_0365,Robust Fresh-Thinking Frame,Clothing,Women,325.55
PROD_0366,Monitored Incremental Hub,Clothing,Kids,280.71
PROD_0367,Function-Based Context-Sensitive Parallelism,Books,Non-Fiction,338.88
PROD_0368,Profit-Focused Actuating Neural-Net,Books,Educational,274.86
PROD_0369,Focused Demand-Driven Moderator,Electronics,Accessories,429.28
PROD_0370,Optimized Tertiary Complexity,Electronics,Accessories,210.09
PROD_0371,Integrated 24/7 Solution,Books,Comics,479.13
PROD_0372,Sharable Heuristic Open Architecture,Books,Fiction,56.69
PROD_0373,Inverse 24/7 Implementation,Books,Non-Fiction,11.12
PROD_0374,Re-Contextualized Encompassing Flexibility,Home,Bedding,373.7
PROD_0375,Reduced Client-Server Pricing Structure,Clothing,Shoes,439.78
PROD_0376,Business-Focused Clear-Thinking Matrix,Electronics,Audio,173.18
PROD_0377,Compatible Explicit Budgetary Management,Home,Kitchen,28.88
PROD_0378,Reverse-Engineered Multi-Tasking Interface,Home,Bedding,365.34
PROD_0379,Cloned 24/7 Function,Electronics,Laptops,265.16
PROD_0380,Digitized Global Infrastructure,Books,Educational,61.03
PROD_0381,Configurable Well-Modulated Application,Home,Bedding,364.96
PROD_0382,Mandatory Context-Sensitive Secured Line,Electronics,Accessories,157.72
PROD_0383,Centralized Content-Based Process Improvement,Clothing,Kids,354.57
PROD_0384,Mandatory Bandwidth-Monitored Migration,Clothing,Women,451.29
PROD_0385,Right-Sized 24Hour Migration,Electronics,Accessories,181.22
PROD_0386,Multi-Lateral Hybrid Solution,Electronics,Smartphones,378.85
PROD_0387,Automated Explicit Alliance,Electronics,Laptops,447.75
PROD_0388,Multi-Tiered Zero Administration Definition,Books,Non-Fiction,447.1
PROD_0389,User-Centric Systemic Database,Clothing,Men,450.61
PROD_0390,Realigned Mission-Critical System Engine,Books,Comics,163.15
PROD_0391,Right-Sized Foreground Initiative,Books,Educational,141.85
PROD_0392,Seamless Mobile Workforce,Clothing,Shoes,243.45
PROD_0393,Object-Based User-Facing Open System,Home,Kitchen,327.55
PROD_0394,Multi-Tiered Static Local Area Network,Books,Non-Fiction,84.94
PROD_0395,Future-Proofed Transitional Local Area Network,Clothing,Men,412.16
PROD_0396,Managed Solution-Oriented Focus Group,Clothing,Shoes,403.42
PROD_0397,Optional Cohesive Utilization,Electronics,Audio,217.81
PROD_0398,Realigned Bandwidth-Monitored Circuit,Clothing,Women,289.21
PROD_0399,Fully-Configurable Heuristic Open Architecture,Clothing,Men,372.74
PROD_0400,Centralized Coherent Frame,Books,Non-Fiction,491.92
PROD_0401,Versatile Executive Challenge,Home,Furniture,305.83
PROD_0402,Phased Optimal Projection,Clothing,Women,448.59
PROD_0403,Open-Source Systematic Artificial Intelligence,Home,Decor,222.45
PROD_0404,Extended Executive Toolset,Books,Non-Fiction,27.91
PROD_0405,Synergistic Asynchronous Attitude,Electronics,Audio,129.26
PROD_0406,Cross-Group Analyzing Open System,Electronics,Laptops,469.03
PROD_0407,Focused Tertiary Budgetary Management,Clothing,Shoes,274.3
PROD_0408,Future-Proofed High-Level Flexibility,Books,Fiction,200.99
PROD_0409,Quality-Focused Discrete Superstructure,Home,Bedding,360.51
PROD_0410,Robust Fresh-Thinking Migration,Books,Non-Fiction,300.1
PROD_0411,Virtual Client-Driven Definition,Books,Non-Fiction,443.61
PROD_0412,Persistent Real-Time Standardization,Electronics,Smartphones,302.33
PROD_0413,Ameliorated Mobile Conglomeration,Electronics,Accessories,369.49
PROD_0414,Fundamental Non-Volatile Instruction Set,Electronics,Accessories,268.31
PROD_0415,Networked Zero-Defect Data-Warehouse,Electronics,Audio,449.15
PROD_0416,Total Exuding Encoding,Clothing,Men,143.12
PROD_0417,Centralized Attitude-Oriented Frame,Books,Non-Fiction,142.91
PROD_0418,Public-Key Explicit Encryption,Clothing,Kids,178.77
PROD_0419,Team-Oriented Client-Driven Methodology,Home,Bedding,427.98
PROD_0420,Optimized 4Thgeneration Conglomeration,Books,Educational,144.55
PROD_0421,Phased Homogeneous Hardware,Home,Furniture,487.85
PROD_0422,Managed Uniform Leverage,Books,Comics,418.96
PROD_0423,Progressive Context-Sensitive Moderator,Books,Non-Fiction,359.94
PROD_0424,Operative Interactive Moratorium,Electronics,Audio,386.75
PROD_0425,Reverse-Engineered Context-Sensitive Portal,Books,Educational,362.65
PROD_0426,Inverse Content-Based Task-Force,Home,Bedding,174.19
PROD_0427,Networked Systemic Time-Frame,Books,Comics,333.75
PROD_0428,Re-Contextualized System-Worthy Productivity,Clothing,Women,194.76
PROD_0429,Self-Enabling 6Thgeneration Framework,Home,Bedding,308.94
PROD_0430,Horizontal User-Facing Task-Force,Electronics,Audio,421.28
PROD_0431,Devolved Analyzing Knowledgebase,Home,Furniture,350.71
PROD_0432,Persistent Demand-Driven Matrix,Books,Comics,87.16
PROD_0433,Expanded Human-Resource Focus Group,Home,Kitchen,342.71
PROD_0434,Robust Asynchronous Secured Line,Home,Furniture,293.67
PROD_0435,Operative Asynchronous Website,Clothing,Shoes,208.47
PROD_0436,Assimilated Zero Administration Superstructure,Home,Bedding,19.21
PROD_0437,Versatile Full-Range Matrices,Books,Fiction,208.73
PROD_0438,Progressive Bi-Directional Capacity,Home,Furniture,118.64
PROD_0439,Face-To-Face Eco-Centric Forecast,Books,Educational,291.87
PROD_0440,Innovative Clear-Thinking Challenge,Books,Educational,118.86
PROD_0441,Reactive 24Hour Attitude,Books,Fiction,339.18
PROD_0442,Optional Bottom-Line Success,Clothing,Shoes,139.31
PROD_0443,Customer-Focused Hybrid Function,Electronics,Audio,213.96
PROD_0444,Organized Foreground Synergy,Home,Bedding,390.04
PROD_0445,Open-Architected Demand-Driven Productivity,Electronics,Accessories,291.84
PROD_0446,Pre-Emptive Full-Range Software,Electronics,Smartphones,122.09
PROD_0447,Organic Impactful Artificial Intelligence,Books,Fiction,81.38
PROD_0448,Reverse-Engineered Directional Interface,Books,Educational,204.59
PROD_0449,Ameliorated Modular Definition,Home,Decor,425.57
PROD_0450,Multi-Tiered Real-Time Monitoring,Books,Comics,410.82
PROD_0451,User-Centric 3Rdgeneration Complexity,Home,Bedding,16.75
PROD_0452,Down-Sized Upward-Trending Structure,Clothing,Kids,290.55
PROD_0453,Realigned Exuding Emulation,Clothing,Men,473.81
PROD_0454,Synergized Even-Keeled Service-Desk,Books,Educational,246.21
PROD_0455,Optional Hybrid Protocol,Books,Fiction,371.31
PROD_0456,Phased Multi-Tasking Ability,Clothing,Women,424.03
PROD_0457,Business-Focused Next Generation Neural-Net,Electronics,Accessories,280.08
PROD_0458,Down-Sized Didactic Archive,Home,Bedding,373.56
PROD_0459,Profound 24Hour Methodology,Home,Decor,360.59
PROD_0460,Right-Sized Homogeneous Time-Frame,Home,Kitchen,413.81
PROD_0461,Diverse 4Thgeneration Matrices,Electronics,Accessories,99.11
PROD_0462,Fully-Configurable Fresh-Thinking Architecture,Clothing,Kids,181.62
PROD_0463,Organic Full-Range Open Architecture,Electronics,Accessories,11.15
PROD_0464,Synergized 4Thgeneration Complexity,Home,Furniture,133.6
PROD_0465,Reactive 6Thgeneration Process Improvement,Books,Comics,297.08
PROD_0466,Fundamental Coherent Data-Warehouse,Home,Bedding,185.87
PROD_0467,Balanced Eco-Centric Archive,Home,Furniture,468.02
PROD_0468,Advanced Upward-Trending Access,Electronics,Accessories,75.63
PROD_0469,Reactive Motivating Forecast,Clothing,Kids,474.68
PROD_0470,Function-Based Multi-Tasking Neural-Net,Books,Comics,308.08
PROD_0471,Streamlined Global Emulation,Electronics,Audio,191.05
PROD_0472,Seamless Real-Time Archive,Home,Kitchen,425.38
PROD_0473,Function-Based Systematic Matrices,Books,Non-Fiction,366.71
PROD_0474,Devolved Motivating Methodology,Books,Comics,300.14
PROD_0475,Operative Value-Added Migration,Home,Kitchen,231.59
PROD_0476,Sharable Static Middleware,Home,Decor,35.59
PROD_0477,Multi-Layered Encompassing Extranet,Home,Furniture,129.47
PROD_0478,Secured Multi-State Knowledge User,Clothing,Shoes,344.87
PROD_0479,Persistent Analyzing Hierarchy,Electronics,Accessories,123.14
PROD_0480,Future-Proofed Bi-Directional Definition,Electronics,Smartphones,427.33
PROD_0481,Vision-Oriented Disintermediate Array,Electronics,Audio,136.87
PROD_0482,Optimized Transitional Ability,Clothing,Shoes,122.2
PROD_0483,Reduced Fault-Tolerant Budgetary Management,Electronics,Accessories,352.42
PROD_0484,Switchable Full-Range Functionalities,Electronics,Smartphones,257.65
PROD_0485,De-Engineered Modular Model,Books,Non-Fiction,273.53
PROD_0486,Polarized Directional Info-Mediaries,Clothing,Men,145.74
PROD_0487,Synergistic Cohesive Hierarchy,Clothing,Women,408.11
PROD_0488,Enterprise-Wide Modular Installation,Home,Furniture,362.46
PROD_0489,Distributed Multi-Tasking Workforce,Books,Fiction,492.98
PROD_0490,Fully-Configurable Well-Modulated Circuit,Books,Educational,224.09
PROD_0491,Compatible High-Level Moderator,Clothing,Women,252.99
PROD_0492,Open-Architected Clear-Thinking Ability,Clothing,Men,296.72
PROD_0493,Polarized Real-Time Implementation,Books,Comics,251.55
PROD_0494,Streamlined Multimedia Definition,Books,Educational,298.04
PROD_0495,Reactive Regional Forecast,Clothing,Kids,462.82
PROD_0496,Optimized Scalable Capacity,Home,Furniture,319.5
PROD_0497,Reactive Clear-Thinking Forecast,Books,Fiction,231.93
PROD_0498,Sharable Systemic Architecture,Electronics,Accessories,445.49
PROD_0499,User-Centric Content-Based Orchestration,Home,Decor,212.27
PROD_0500,Open-Source Neutral Leverage,Books,Educational,273.63
PROD_0501,Customer-Focused Non-Volatile Hardware,Home,Kitchen,47.91
PROD_0502,Customizable Tangible Strategy,Electronics,Accessories,292.87
PROD_0503,Self-Enabling Non-Volatile Definition,Home,Furniture,380.41
PROD_0504,Right-Sized Disintermediate Process Improvement,Electronics,Smartphones,305.69
PROD_0505,Enterprise-Wide 4Thgeneration Strategy,Home,Furniture,23.36
PROD_0506,Up-Sized Tangible Infrastructure,Home,Decor,205.57
PROD_0507,Stand-Alone Heuristic Superstructure,Books,Non-Fiction,110.48
PROD_0508,Compatible Composite Focus Group,Books,Fiction,23.61
PROD_0509,Proactive System-Worthy Core,Home,Decor,248.07
PROD_0510,Managed Hybrid Forecast,Clothing,Men,94.33
PROD_0511,Extended Context-Sensitive Archive,Books,Comics,322.56
PROD_0512,Intuitive Bifurcated Circuit,Books,Fiction,138.65
PROD_0513,Up-Sized 24/7 Customer Loyalty,Clothing,Kids,184.08
PROD_0514,Multi-Lateral Zero-Defect Pricing Structure,Clothing,Shoes,239.37
PROD_0515,Synergized Value-Added Data-Warehouse,Books,Fiction,156.07
PROD_0516,Synchronized Interactive Superstructure,Home,Kitchen,316.05
PROD_0517,Synergistic Homogeneous Attitude,Books,Comics,364.99
PROD_0518,Programmable Encompassing Architecture,Electronics,Laptops,495.72
PROD_0519,Virtual Methodical Project,Books,Non-Fiction,85.16
PROD_0520,Diverse Web-Enabled Middleware,Clothing,Kids,371.7
PROD_0521,Automated Value-Added Service-Desk,Books,Fiction,13.15
PROD_0522,Ergonomic Empowering Extranet,Home,Bedding,164.8
PROD_0523,Cross-Platform Full-Range Contingency,Books,Comics,488.7
PROD_0524,Innovative Even-Keeled Superstructure,Clothing,Shoes,449.86
PROD_0525,Managed Regional Attitude,Clothing,Men,190.75
PROD_0526,Customer-Focused Bottom-Line Secured Line,Clothing,Shoes,141.52
PROD_0527,Digitized Incremental Adapter,Clothing,Shoes,12.46
PROD_0528,Innovative Next Generation Encryption,Clothing,Kids,343.95
PROD_0529,Intuitive 6Thgeneration Complexity,Home,Bedding,154.8
PROD_0530,Customizable Systematic Extranet,Clothing,Men,26.13
PROD_0531,Decentralized Uniform Process Improvement,Books,Comics,204.59
PROD_0532,Reactive Upward-Trending Extranet,Electronics,Accessories,427.89
PROD_0533,Quality-Focused Bifurcated Implementation,Books,Fiction,434.03
PROD_0534,Sharable Radical System Engine,Books,Comics,343.36
PROD_0535,Secured System-Worthy Neural-Net,Clothing,Kids,482.28
PROD_0536,Integrated Interactive Conglomeration,Home,Decor,75.64
PROD_0537,Versatile Discrete Protocol,Clothing,Men,229.69
PROD_0538,Synergistic Hybrid Strategy,Clothing,Men,393.47
PROD_0539,Enterprise-Wide Regional Task-Force,Home,Kitchen,98.09
PROD_0540,Up-Sized 3Rdgeneration Initiative,Home,Decor,209.48
PROD_0541,Total Well-Modulated Analyzer,Clothing,Men,49.17
PROD_0542,Implemented Attitude-Oriented Matrix,Clothing,Women,57.52
PROD_0543,Enhanced Global Encryption,Clothing,Men,310.14
PROD_0544,Switchable Upward-Trending Support,Electronics,Audio,373.19
PROD_0545,Universal Transitional Encoding,Books,Comics,450.22
PROD_0546,Advanced Static Hierarchy,Electronics,Accessories,261.93
PROD_0547,Configurable Bottom-Line Archive,Clothing,Shoes,393.47
PROD_0548,Monitored 24/7 Forecast,Electronics,Smartphones,440.7
PROD_0549,Ergonomic Real-Time Instruction Set,Electronics,Accessories,246.84
PROD_0550,Up-Sized Methodical Neural-Net,Books,Fiction,152.59
PROD_0551,Managed Zero Tolerance Parallelism,Home,Bedding,464.29
PROD_0552,Ergonomic Holistic Graphical User Interface,Electronics,Laptops,326.24
PROD_0553,De-Engineered Holistic Extranet,Clothing,Women,322.99
PROD_0554,Distributed User-Facing Matrix,Clothing,Men,458.87
PROD_0555,Vision-Oriented Executive Adapter,Books,Non-Fiction,44.81
PROD_0556,Face-To-Face Methodical Leverage,Books,Educational,88.28
PROD_0557,Object-Based Mobile Benchmark,Home,Bedding,188.22
PROD_0558,Operative Transitional Portal,Electronics,Laptops,372.0
PROD_0559,Switchable Bifurcated Task-Force,Clothing,Men,316.73
PROD_0560,Quality-Focused Mission-Critical Framework,Clothing,Kids,43.86
PROD_0561,Front-Line Context-Sensitive Analyzer,Clothing,Women,440.73
PROD_0562,Re-Engineered Methodical Core,Electronics,Accessories,383.19
PROD_0563,Ameliorated Bi-Directional Protocol,Electronics,Audio,230.02
PROD_0564,Secured Local Middleware,Clothing,Kids,173.04
PROD_0565,Progressive Modular Instruction Set,Electronics,Smartphones,378.66
PROD_0566,Managed Eco-Centric Array,Electronics,Audio,208.51
PROD_0567,User-Centric Client-Server Intranet,Electronics,Laptops,280.94
PROD_0568,Multi-Channeled Even-Keeled Open System,Home,Kitchen,265.85
PROD_0569,Front-Line Dynamic Matrices,Books,Non-Fiction,427.3
PROD_0570,Intuitive Object-Oriented Interface,Home,Kitchen,325.32
PROD_0571,Adaptive Optimizing Alliance,Home,Furniture,106.56
PROD_0572,Assimilated Tangible Focus Group,Books,Comics,261.45
PROD_0573,Mandatory Directional Parallelism,Books,Educational,327.0
PROD_0574,User-Centric Background Neural-Net,Books,Comics,267.8
PROD_0575,Grass-Roots Background Database,Clothing,Men,107.12
PROD_0576,Optimized Bandwidth-Monitored Project,Books,Fiction,45.2
PROD_0577,Realigned Contextually-Based Architecture,Clothing,Women,50.38
PROD_0578,Cross-Platform Static Graphic Interface,Books,Non-Fiction,304.71
PROD_0579,Persistent Empowering Benchmark,Home,Furniture,128.45
PROD_0580,Networked Well-Modulated Data-Warehouse,Books,Comics,51.39
PROD_0581,Customizable Intangible Emulation,Electronics,Accessories,435.23
PROD_0582,Sharable Bifurcated Project,Books,Educational,120.38
PROD_0583,Quality-Focused 3Rdgeneration Array,Electronics,Laptops,5.47
PROD_0584,Up-Sized Full-Range Knowledge User,Clothing,Kids,203.71
PROD_0585,Organic Neutral Collaboration,Electronics,Accessories,70.19
PROD_0586,Visionary 6Thgeneration Archive,Home,Furniture,279.96
PROD_0587,Profit-Focused 4Thgeneration Function,Books,Comics,213.28
PROD_0588,Synergistic Tangible Matrices,Home,Furniture,430.6
PROD_0589,Re-Engineered Next Generation Implementation,Clothing,Men,49.19
PROD_0590,Cloned Full-Range Customer Loyalty,Electronics,Smartphones,78.97
PROD_0591,Progressive Local Model,Clothing,Shoes,240.28
PROD_0592,Distributed Bi-Directional Definition,Books,Fiction,47.15
PROD_0593,Multi-Layered 24Hour Neural-Net,Books,Educational,270.5
PROD_0594,Advanced Holistic Artificial Intelligence,Electronics,Accessories,348.08
PROD_0595,Reduced Impactful Array,Clothing,Men,194.92
PROD_0596,Extended Hybrid Strategy,Home,Furniture,131.76
PROD_0597,De-Engineered User-Facing Solution,Books,Non-Fiction,175.89
PROD_0598,Persevering 24Hour Open System,Electronics,Laptops,272.17
PROD_0599,Enhanced Leadingedge Model,Home,Bedding,174.06
PROD_0600,Customizable Heuristic Matrix,Electronics,Smartphones,254.58
