order_id,customer_id,order_date,status,region_code
ORD_00001,CUST_0377,2024-12-29 23:57:32,DELIVERED,MH
ORD_00002,,2024-08-10 12:49:54,SHIPPED,AR
ORD_00003,CUST_0045,2025-05-18 19:45:00,DELIVERED,DE
ORD_00004,CUST_0583,2025-09-15 18:38:48,DELIVERED,WV
ORD_00005,CUST_0123,2025-03-28 09:31:49,SHIPPED,IN
ORD_00006,CUST_0028,2026-06-03 03:18:44,SHIPPED,MH
ORD_00007,CUST_0550,2026-05-30 20:56:22,DELIVERED,PW
ORD_00008,CUST_0366,2026-07-04 04:09:54,SHIPPED,RI
ORD_00009,CUST_0013,2025-04-26 07:58:30,DELIVERED,CT
ORD_00010,CUST_0375,2025-02-20 11:49:22,DELIVERED,AK
ORD_00011,CUST_0307,2026-07-07 03:51:46,DELIVERED,NE
ORD_00012,CUST_0505,2025-07-03 08:00:43,DELIVERED,NJ
ORD_00013,CUST_0369,2025-12-13 17:45:51,SHIPPED,GU
ORD_00014,CUST_0600,2024-09-15 05:29:03,RETURNED,PW
ORD_00015,,2025-09-08 19:44:24,DELIVERED,MS
ORD_00016,CUST_0084,2025-01-14 13:14:06,DELIVERED,KY
ORD_00017,,2025-09-29 13:06:13,SHIPPED,SC
ORD_00018,CUST_0385,2025-06-20 01:15:56,DELIVERED,RI
ORD_00019,CUST_0218,2024-12-04 23:12:44,SHIPPED,MD
ORD_00020,CUST_0485,2025-11-26 19:18:42,DELIVERED,MH
ORD_00021,CUST_0234,2026-04-10 15:59:29,DELIVERED,WI
ORD_00022,CUST_0076,2025-06-03 06:32:01,DELIVERED,AK
ORD_00023,CUST_0237,2025-07-11 19:35:18,CANCELLED,GA
ORD_00024,CUST_0149,2024-12-24 13:12:18,CANCELLED,DE
ORD_00025,CUST_0447,2025-02-26 09:47:17,DELIVERED,CT
ORD_00026,CUST_0557,2025-02-22 23:55:50,SHIPPED,MP
ORD_00027,CUST_0316,2025-11-03 17:23:14,DELIVERED,TN
ORD_00028,CUST_0001,2026-03-19 13:36:00,DELIVERED,PR
ORD_00029,CUST_0058,2026-04-13 06:34:52,RETURNED,NE
ORD_00030,CUST_0372,2026-02-06 10:55:14,SHIPPED,GU
ORD_00031,CUST_0054,2026-01-18 13:27:00,SHIPPED,NY
ORD_00032,CUST_0391,2026-02-17 07:44:47,SHIPPED,ME
ORD_00033,CUST_0105,2025-02-19 11:45:45,DELIVERED,UT
ORD_00034,CUST_0193,2026-07-08 00:47:39,SHIPPED,IL
ORD_00035,CUST_0242,2025-08-15 10:45:11,RETURNED,AS
ORD_00036,CUST_0282,2025-06-30 18:31:10,PLACED,IN
ORD_00037,CUST_0483,2024-12-08 10:45:49,DELIVERED,MD
ORD_00038,CUST_0200,2025-07-13 13:31:20,RETURNED,GU
ORD_00039,CUST_0005,2025-04-24 13:15:51,DELIVERED,CA
ORD_00040,CUST_0554,24-08-2025,DELIVERED,DE
ORD_00041,CUST_0098,2025-05-28 14:12:45,DELIVERED,NV
ORD_00042,CUST_0073,2025-11-17 00:02:16,DELIVERED,ND
ORD_00043,CUST_0094,2025-12-05 08:17:30,DELIVERED,MT
ORD_00044,CUST_0310,2026-04-26 06:14:17,SHIPPED,PW
ORD_00045,CUST_0019,2026-01-26 11:53:30,PLACED,AK
ORD_00046,CUST_0133,2025-02-06 07:03:45,PLACED,WI
ORD_00047,CUST_0275,2026-04-24 06:35:18,PLACED,AK
ORD_00048,CUST_0180,30-09-2024,CANCELLED,MP
ORD_00049,CUST_0308,2025-02-24 22:11:04,RETURNED,WI
ORD_00050,CUST_0479,2025-06-02 05:49:12,PLACED,AL
ORD_00051,CUST_0184,2026-01-18 15:57:04,SHIPPED,UT
ORD_00052,CUST_0175,2026-01-07 10:30:45,DELIVERED,GA
ORD_00053,CUST_0296,2025-08-19 16:35:44,PLACED,AK
ORD_00054,CUST_0237,2026-03-31 04:29:35,DELIVERED,MP
ORD_00055,CUST_0244,2024-07-21 23:26:36,CANCELLED,SC
ORD_00056,CUST_0429,2025-10-17 13:37:08,DELIVERED,CA
ORD_00057,CUST_0580,2026-05-05 06:36:57,DELIVERED,TX
ORD_00058,CUST_0307,2025-11-20 01:52:17,DELIVERED,OH
ORD_00059,CUST_0035,2026-04-07 04:10:21,DELIVERED,MT
ORD_00060,CUST_0298,2025-04-08 12:23:55,SHIPPED,NE
ORD_00061,CUST_0467,2025-12-15 08:30:20,DELIVERED,FM
ORD_00062,CUST_0110,2024-12-10 04:46:59,DELIVERED,MH
ORD_00063,,2026-02-01 20:33:00,SHIPPED,NH
ORD_00064,CUST_0329,2026-06-15 01:13:48,DELIVERED,CO
ORD_00065,CUST_0553,2025-02-02 06:12:18,DELIVERED,NC
ORD_00066,CUST_0383,2025-10-27 02:25:09,DELIVERED,FL
ORD_00067,CUST_0337,2024-10-31 15:24:11,DELIVERED,KY
ORD_00068,CUST_0503,2024-09-12 02:01:43,SHIPPED,AR
ORD_00069,CUST_0251,2025-02-22 07:44:01,CANCELLED,NV
ORD_00070,CUST_0147,2024-10-09 12:36:54,CANCELLED,CT
ORD_00071,CUST_0494,2026-04-21 05:03:53,DELIVERED,SD
ORD_00072,CUST_0007,2026-01-25 21:10:54,DELIVERED,CA
ORD_00073,CUST_0570,2025-08-13 17:53:37,DELIVERED,SD
ORD_00074,CUST_0227,2026-03-19 07:34:34,PLACED,AK
ORD_00075,CUST_0256,2024-12-19 13:18:22,SHIPPED,OK
ORD_00076,,2024-10-09 21:37:30,PLACED,GA
ORD_00077,CUST_0397,2024-07-18 20:52:21,DELIVERED,MI
ORD_00078,CUST_0591,2025-10-26 00:15:40,DELIVERED,MD
ORD_00079,CUST_0328,2026-03-28 06:24:54,DELIVERED,GU
ORD_00080,CUST_0596,2025-12-04 17:15:45,PLACED,WV
ORD_00081,CUST_0553,2025-04-29 21:23:35,CANCELLED,MN
ORD_00082,CUST_0320,2025-03-16 18:59:11,DELIVERED,NJ
ORD_00083,CUST_0559,2025-08-26 00:57:03,SHIPPED,NH
ORD_00084,CUST_0382,2026-01-06 06:26:36,PLACED,PW
ORD_00085,CUST_0317,2026-04-04 09:08:30,SHIPPED,MD
ORD_00086,,2024-12-27 01:21:53,CANCELLED,OR
ORD_00087,CUST_0339,2024-08-25 02:51:00,DELIVERED,RI
ORD_00088,CUST_0466,2025-05-05 09:45:29,DELIVERED,MS
ORD_00089,CUST_0051,2026-03-10 12:54:30,SHIPPED,KY
ORD_00090,CUST_0075,18-08-2025,DELIVERED,OK
ORD_00091,CUST_0150,2025-07-06 01:02:17,CANCELLED,OK
ORD_00092,CUST_0128,28-01-2025,DELIVERED,OK
ORD_00093,CUST_0511,2026-02-14 06:06:21,DELIVERED,KY
ORD_00094,CUST_0431,2025-03-14 11:29:20,CANCELLED,OK
ORD_00095,CUST_0427,2026-03-05 14:26:42,DELIVERED,ID
ORD_00096,CUST_0134,2025-04-20 18:50:30,CANCELLED,CO
ORD_00097,CUST_0113,2024-08-25 08:04:47,SHIPPED,ND
ORD_00098,CUST_0418,2025-04-15 02:31:23,CANCELLED,WV
ORD_00099,CUST_0166,2025-03-27 14:35:51,DELIVERED,MS
ORD_00100,,2025-01-06 09:06:14,SHIPPED,GU
ORD_00101,CUST_0535,2026-01-02 16:45:02,SHIPPED,AK
ORD_00102,CUST_0569,2025-02-12 02:10:27,CANCELLED,NE
ORD_00103,CUST_0551,2026-02-10 03:17:46,DELIVERED,LA
ORD_00104,CUST_0255,2025-12-30 14:31:11,DELIVERED,IN
ORD_00105,CUST_0224,2024-10-17 11:45:35,DELIVERED,MI
ORD_00106,CUST_0329,2024-09-02 14:22:28,CANCELLED,MH
ORD_00107,CUST_0080,2025-02-15 20:10:20,DELIVERED,CT
ORD_00108,CUST_0148,2025-02-18 13:47:45,DELIVERED,TN
ORD_00109,CUST_0024,2025-02-14 05:17:30,CANCELLED,KS
ORD_00110,CUST_0169,2024-12-06 17:38:11,DELIVERED,VT
ORD_00111,CUST_0469,2026-07-05 22:08:53,DELIVERED,DE
ORD_00112,CUST_0561,2024-10-16 19:04:33,SHIPPED,IL
ORD_00113,CUST_0288,2026-02-03 14:50:20,DELIVERED,ID
ORD_00114,CUST_0494,30-04-2026,DELIVERED,CA
ORD_00115,CUST_0217,2026-01-27 00:44:38,SHIPPED,IL
ORD_00116,CUST_0135,2026-03-15 19:47:02,SHIPPED,GA
ORD_00117,CUST_0484,2026-03-01 02:26:02,SHIPPED,FL
ORD_00118,CUST_0050,2026-05-08 22:50:31,DELIVERED,NJ
ORD_00119,CUST_0001,2026-01-05 12:45:39,DELIVERED,NV
ORD_00120,CUST_0504,2025-04-24 12:48:05,SHIPPED,CO
ORD_00121,CUST_0222,05-03-2025,DELIVERED,ID
ORD_00122,CUST_0529,2025-08-07 13:03:59,DELIVERED,MA
ORD_00123,CUST_0346,2024-07-12 16:44:24,SHIPPED,TX
ORD_00124,CUST_0476,2024-12-02 22:27:25,DELIVERED,PR
ORD_00125,CUST_0015,2025-08-09 23:14:22,SHIPPED,KY
ORD_00126,CUST_0594,2026-03-22 01:24:54,DELIVERED,PA
ORD_00127,CUST_0384,2026-04-03 13:30:33,PLACED,NY
ORD_00128,CUST_0151,2026-05-14 13:13:17,DELIVERED,OH
ORD_00129,CUST_0296,2024-10-13 10:58:29,RETURNED,MH
ORD_00130,,2026-02-04 18:24:10,RETURNED,NE
ORD_00131,CUST_0152,2025-01-26 03:49:05,DELIVERED,SC
ORD_00132,CUST_0105,2026-06-01 22:19:54,DELIVERED,ID
ORD_00133,CUST_0376,2026-04-03 17:42:14,PLACED,MA
ORD_00134,CUST_0260,2025-04-28 11:06:39,PLACED,VI
ORD_00135,CUST_0004,2024-11-07 11:39:44,PLACED,MT
ORD_00136,CUST_0277,08-09-2024,DELIVERED,WI
ORD_00137,CUST_0333,09-10-2024,DELIVERED,SC
ORD_00138,CUST_0172,2026-02-11 02:16:11,RETURNED,GU
ORD_00139,CUST_0148,2024-09-09 09:14:54,SHIPPED,FM
ORD_00140,CUST_0267,2025-12-10 17:23:59,RETURNED,AL
ORD_00141,CUST_0257,08-05-2025,RETURNED,ND
ORD_00142,CUST_0027,2025-02-19 03:08:14,DELIVERED,SD
ORD_00143,CUST_0064,2026-04-21 06:36:05,DELIVERED,KS
ORD_00144,CUST_0497,2024-09-27 11:29:25,RETURNED,NE
ORD_00145,CUST_0301,2025-04-22 14:35:20,SHIPPED,VA
ORD_00146,CUST_0245,2026-06-30 20:49:03,DELIVERED,NY
ORD_00147,CUST_0270,2025-12-28 16:07:34,DELIVERED,SC
ORD_00148,CUST_0022,2025-09-29 19:03:12,DELIVERED,AR
ORD_00149,CUST_0181,2026-05-17 13:17:32,RETURNED,MN
ORD_00150,CUST_0478,2024-09-07 06:03:56,DELIVERED,LA
ORD_00151,CUST_0049,2025-02-21 11:51:09,SHIPPED,PW
ORD_00152,CUST_0055,2024-07-31 08:51:28,CANCELLED,AS
ORD_00153,CUST_0081,2024-11-08 16:49:45,PLACED,IA
ORD_00154,CUST_0336,2025-06-18 07:46:46,SHIPPED,CA
ORD_00155,,2026-05-18 10:12:59,SHIPPED,VI
ORD_00156,CUST_0436,2026-02-26 20:59:28,DELIVERED,PA
ORD_00157,CUST_0364,14-07-2025,DELIVERED,MI
ORD_00158,CUST_0275,2026-02-12 20:07:42,RETURNED,KS
ORD_00159,CUST_0145,2024-08-16 21:23:01,PLACED,RI
ORD_00160,CUST_0119,2026-02-16 15:09:17,DELIVERED,AS
ORD_00161,CUST_0009,2025-04-30 02:07:26,CANCELLED,CA
ORD_00162,CUST_0085,2025-09-21 16:05:12,DELIVERED,NE
ORD_00163,CUST_0196,2026-03-14 03:59:29,PLACED,PR
ORD_00164,CUST_0008,2025-02-27 13:17:53,DELIVERED,NY
ORD_00165,CUST_0034,2025-09-15 22:07:50,DELIVERED,NJ
ORD_00166,CUST_0213,2024-12-06 22:59:08,DELIVERED,VI
ORD_00167,CUST_0500,2025-06-17 15:03:05,DELIVERED,PA
ORD_00168,CUST_0474,2025-07-19 11:19:00,CANCELLED,TN
ORD_00169,CUST_0284,2025-03-26 12:16:24,CANCELLED,NC
ORD_00170,CUST_0101,2025-05-16 05:52:08,DELIVERED,AZ
ORD_00171,CUST_0159,2025-11-01 20:18:29,SHIPPED,CO
ORD_00172,CUST_0596,2024-11-07 20:38:47,DELIVERED,GU
ORD_00173,CUST_0218,2026-03-10 01:23:32,PLACED,WA
ORD_00174,CUST_0091,2025-03-24 19:03:26,RETURNED,NM
ORD_00175,CUST_0118,2026-01-12 20:39:19,SHIPPED,AK
ORD_00176,CUST_0334,2025-05-25 19:38:12,DELIVERED,UT
ORD_00177,CUST_0018,2025-06-08 18:39:56,SHIPPED,NE
ORD_00178,CUST_0428,2025-06-18 23:28:18,RETURNED,IA
ORD_00179,CUST_0242,2025-05-10 18:11:26,PLACED,DE
ORD_00180,CUST_0551,2024-11-27 19:40:22,CANCELLED,FM
ORD_00181,CUST_0511,2025-10-10 10:12:27,DELIVERED,FL
ORD_00182,CUST_0356,2025-02-11 14:04:57,DELIVERED,GU
ORD_00183,CUST_0544,2026-04-07 21:43:25,DELIVERED,IN
ORD_00184,CUST_0330,2025-07-07 14:05:58,DELIVERED,VA
ORD_00185,CUST_0578,2024-09-02 08:38:03,DELIVERED,ID
ORD_00186,CUST_0041,2025-07-27 03:33:40,DELIVERED,RI
ORD_00187,CUST_0141,2025-07-04 20:28:39,CANCELLED,FM
ORD_00188,CUST_0474,2025-06-15 03:52:31,SHIPPED,MS
ORD_00189,CUST_0285,2025-10-14 02:38:01,DELIVERED,AZ
ORD_00190,CUST_0027,2025-07-31 02:17:20,DELIVERED,NY
ORD_00191,CUST_0494,2025-09-15 09:12:59,SHIPPED,IA
ORD_00192,CUST_0295,2026-03-24 02:15:00,DELIVERED,NJ
ORD_00193,CUST_0104,2024-10-14 20:20:35,DELIVERED,WA
ORD_00194,CUST_0459,2024-12-07 05:53:05,DELIVERED,AR
ORD_00195,CUST_0344,2025-05-22 16:09:23,DELIVERED,TX
ORD_00196,CUST_0225,10-04-2025,SHIPPED,KY
ORD_00197,CUST_0391,2026-04-15 01:21:52,DELIVERED,IN
ORD_00198,CUST_0021,2025-07-06 12:55:37,SHIPPED,MS
ORD_00199,CUST_0575,2026-04-28 01:13:33,DELIVERED,KY
ORD_00200,CUST_0442,2025-05-09 12:59:32,PLACED,DE
ORD_00201,CUST_0569,2025-03-26 15:30:11,DELIVERED,RI
ORD_00202,CUST_0510,2025-12-02 01:28:46,DELIVERED,OR
ORD_00203,CUST_0026,2025-11-25 05:29:37,SHIPPED,TX
ORD_00204,CUST_0067,2025-07-23 17:51:50,DELIVERED,TN
ORD_00205,CUST_0166,16-07-2024,SHIPPED,PR
ORD_00206,CUST_0220,2025-08-12 08:37:50,SHIPPED,IA
ORD_00207,CUST_0014,2026-06-30 05:20:36,DELIVERED,FL
ORD_00208,CUST_0295,2025-05-26 11:13:29,RETURNED,DC
ORD_00209,CUST_0234,2024-12-23 13:00:17,CANCELLED,OH
ORD_00210,CUST_0496,2025-05-22 21:44:46,DELIVERED,OR
ORD_00211,CUST_0523,2024-08-15 03:22:36,DELIVERED,MT
ORD_00212,CUST_0274,2025-09-01 08:15:02,DELIVERED,TX
ORD_00213,CUST_0462,2026-01-07 16:34:08,SHIPPED,SC
ORD_00214,CUST_0246,2025-05-08 11:02:32,DELIVERED,IA
ORD_00215,CUST_0319,2025-05-09 07:28:39,DELIVERED,OH
ORD_00216,CUST_0505,2025-07-15 15:13:12,DELIVERED,HI
ORD_00217,CUST_0376,2024-12-12 00:05:27,SHIPPED,SC
ORD_00218,CUST_0543,2026-02-22 05:52:27,PLACED,WV
ORD_00219,CUST_0539,18-12-2025,DELIVERED,MS
ORD_00220,CUST_0525,2024-10-18 20:59:15,SHIPPED,HI
ORD_00221,CUST_0134,2025-06-20 23:51:39,RETURNED,CO
ORD_00222,CUST_0068,2026-06-30 06:32:15,DELIVERED,MO
ORD_00223,CUST_0488,2024-07-11 02:30:54,DELIVERED,GU
ORD_00224,CUST_0579,2026-03-06 07:05:39,SHIPPED,MP
ORD_00225,CUST_0407,2024-11-15 01:06:59,PLACED,TX
ORD_00226,CUST_0286,2024-09-15 18:07:29,CANCELLED,AR
ORD_00227,CUST_0407,2025-12-03 08:47:53,PLACED,MT
ORD_00228,CUST_0323,2024-11-22 08:23:15,RETURNED,SC
ORD_00229,CUST_0012,2024-10-08 17:33:35,RETURNED,NY
ORD_00230,CUST_0218,2025-05-14 15:18:50,DELIVERED,VA
ORD_00231,CUST_0529,2025-03-09 10:10:42,CANCELLED,WA
ORD_00232,CUST_0485,2025-02-10 08:43:10,PLACED,HI
ORD_00233,CUST_0196,2024-11-21 12:52:16,SHIPPED,MS
ORD_00234,CUST_0281,2026-05-14 10:49:21,DELIVERED,NY
ORD_00235,CUST_0101,2025-12-30 05:29:50,DELIVERED,MH
ORD_00236,CUST_0305,2025-11-20 04:02:39,PLACED,VT
ORD_00237,CUST_0117,2026-05-16 13:26:27,CANCELLED,NY
ORD_00238,CUST_0566,2025-12-15 20:37:59,DELIVERED,MP
ORD_00239,CUST_0565,2024-12-20 08:09:50,SHIPPED,MO
ORD_00240,CUST_0407,2025-08-31 22:21:53,DELIVERED,NH
ORD_00241,CUST_0414,14-08-2025,PLACED,GU
ORD_00242,CUST_0177,2026-01-14 09:12:27,DELIVERED,SD
ORD_00243,,2026-04-06 11:45:14,SHIPPED,VA
ORD_00244,,2026-01-18 16:30:12,CANCELLED,WY
ORD_00245,CUST_0432,2024-08-24 06:21:49,RETURNED,RI
ORD_00246,CUST_0566,2024-11-06 18:46:47,CANCELLED,PW
ORD_00247,CUST_0352,2025-10-18 12:03:45,RETURNED,AS
ORD_00248,CUST_0501,2026-05-14 19:39:35,SHIPPED,NH
ORD_00249,CUST_0487,2026-04-27 03:30:44,DELIVERED,NV
ORD_00250,CUST_0117,2025-12-03 11:29:13,DELIVERED,TX
ORD_00251,CUST_0246,2024-07-25 13:04:08,DELIVERED,AL
ORD_00252,CUST_0022,2025-04-03 18:40:58,DELIVERED,WI
ORD_00253,CUST_0540,2024-09-26 00:51:19,PLACED,RI
ORD_00254,CUST_0150,2026-04-21 00:22:34,RETURNED,MT
ORD_00255,CUST_0251,2024-07-14 01:58:41,PLACED,DE
ORD_00256,,2025-08-27 23:30:46,SHIPPED,MD
ORD_00257,CUST_0090,2026-04-13 17:00:26,DELIVERED,IA
ORD_00258,CUST_0570,2024-12-23 10:43:04,DELIVERED,AS
ORD_00259,CUST_0266,2024-09-13 20:25:10,SHIPPED,HI
ORD_00260,CUST_0239,2025-01-23 23:58:02,RETURNED,NH
ORD_00261,,2025-09-10 07:03:15,DELIVERED,IL
ORD_00262,CUST_0564,02-04-2025,DELIVERED,FM
ORD_00263,CUST_0027,2024-11-10 07:08:37,DELIVERED,WA
ORD_00264,CUST_0575,2025-03-28 23:11:36,DELIVERED,VI
ORD_00265,CUST_0530,2024-11-12 02:45:48,DELIVERED,NJ
ORD_00266,,2025-07-24 02:21:56,DELIVERED,MS
ORD_00267,CUST_0091,2026-02-04 06:55:23,CANCELLED,CT
ORD_00268,,2025-09-23 01:50:00,CANCELLED,FM
ORD_00269,CUST_0535,2025-06-03 13:30:20,CANCELLED,AK
ORD_00270,CUST_0056,2025-09-18 21:41:06,DELIVERED,MI
ORD_00271,CUST_0382,19-02-2026,DELIVERED,SC
ORD_00272,CUST_0487,2025-03-11 18:50:27,PLACED,CT
ORD_00273,CUST_0561,2024-10-09 11:41:57,DELIVERED,VA
ORD_00274,CUST_0194,2026-05-05 19:10:19,DELIVERED,DC
ORD_00275,CUST_0028,2024-12-17 15:41:25,SHIPPED,FM
ORD_00276,CUST_0300,2026-06-17 06:35:05,RETURNED,OH
ORD_00277,CUST_0448,2025-12-29 20:09:00,DELIVERED,IL
ORD_00278,CUST_0295,2025-01-16 10:48:59,CANCELLED,AL
ORD_00279,CUST_0238,2026-03-04 14:54:01,DELIVERED,NM
ORD_00280,CUST_0540,2025-01-02 10:23:48,DELIVERED,VT
ORD_00281,CUST_0417,2025-07-30 13:52:20,SHIPPED,MT
ORD_00282,CUST_0022,2025-04-15 13:46:59,DELIVERED,KS
ORD_00283,CUST_0012,2026-04-03 04:00:14,DELIVERED,NJ
ORD_00284,CUST_0015,2025-10-01 15:06:19,CANCELLED,PR
ORD_00285,CUST_0567,2025-12-04 11:55:58,DELIVERED,WY
ORD_00286,CUST_0201,2024-09-10 22:31:32,PLACED,AK
ORD_00287,CUST_0531,2025-10-07 05:25:17,PLACED,NE
ORD_00288,CUST_0299,2024-07-12 13:22:12,CANCELLED,PR
ORD_00289,CUST_0065,2024-11-10 04:52:05,RETURNED,ND
ORD_00290,CUST_0583,2026-05-17 21:50:00,DELIVERED,SC
ORD_00291,CUST_0331,2025-01-06 11:34:10,DELIVERED,VA
ORD_00292,CUST_0329,2025-10-13 09:47:23,RETURNED,GU
ORD_00293,CUST_0331,2025-03-09 19:33:00,DELIVERED,WY
ORD_00294,CUST_0284,2025-06-12 00:52:25,SHIPPED,VA
ORD_00295,CUST_0282,2025-12-26 11:28:34,DELIVERED,IL
ORD_00296,CUST_0060,2026-06-07 23:26:49,DELIVERED,SC
ORD_00297,CUST_0023,2025-03-25 15:35:29,DELIVERED,PW
ORD_00298,CUST_0131,2026-01-16 00:26:58,RETURNED,VI
ORD_00299,CUST_0294,2025-01-19 06:38:00,DELIVERED,IA
ORD_00300,CUST_0124,2025-02-08 19:39:37,CANCELLED,MO
ORD_00301,CUST_0219,2026-06-02 22:40:14,CANCELLED,MP
ORD_00302,CUST_0495,2026-06-17 20:30:07,DELIVERED,IA
ORD_00303,CUST_0518,2025-11-25 03:10:28,CANCELLED,AS
ORD_00304,CUST_0285,2025-06-30 03:31:27,CANCELLED,NM
ORD_00305,CUST_0125,2026-04-25 11:38:20,DELIVERED,TX
ORD_00306,CUST_0205,2024-12-16 11:32:15,SHIPPED,PW
ORD_00307,CUST_0079,2025-11-22 21:36:59,CANCELLED,LA
ORD_00308,CUST_0013,2024-12-26 04:57:29,DELIVERED,PA
ORD_00309,CUST_0264,2024-10-07 11:17:49,DELIVERED,IN
ORD_00310,CUST_0513,2025-10-02 23:36:12,CANCELLED,NJ
ORD_00311,CUST_0077,2025-08-28 15:28:00,DELIVERED,ID
ORD_00312,CUST_0249,2026-02-27 20:47:24,DELIVERED,UT
ORD_00313,CUST_0486,2026-01-22 16:28:17,DELIVERED,MS
ORD_00314,CUST_0387,2024-11-21 17:51:04,CANCELLED,ID
ORD_00315,CUST_0513,2026-04-03 14:22:54,DELIVERED,MH
ORD_00316,CUST_0493,2026-05-30 08:36:45,PLACED,NE
ORD_00317,CUST_0095,2025-07-31 07:12:01,DELIVERED,AL
ORD_00318,CUST_0019,2025-09-01 19:04:03,DELIVERED,IA
ORD_00319,CUST_0401,2026-02-27 06:12:30,DELIVERED,FL
ORD_00320,CUST_0285,2025-07-01 05:38:25,DELIVERED,AR
ORD_00321,CUST_0203,2025-03-11 14:19:49,DELIVERED,DE
ORD_00322,CUST_0042,2026-05-09 03:28:49,DELIVERED,CA
ORD_00323,CUST_0127,2025-06-11 11:35:41,PLACED,SC
ORD_00324,CUST_0361,2025-08-19 14:50:15,DELIVERED,LA
ORD_00325,CUST_0278,2025-08-16 22:39:40,DELIVERED,FL
ORD_00326,CUST_0499,2024-08-11 08:38:44,RETURNED,IA
ORD_00327,CUST_0152,2025-10-08 03:26:57,RETURNED,NV
ORD_00328,CUST_0047,2026-01-11 02:11:36,DELIVERED,VT
ORD_00329,CUST_0241,2025-11-15 18:07:35,SHIPPED,PR
ORD_00330,CUST_0398,2025-05-02 08:17:44,RETURNED,MS
ORD_00331,CUST_0001,2026-01-31 01:37:34,SHIPPED,TX
ORD_00332,,2026-04-13 15:17:41,SHIPPED,IA
ORD_00333,CUST_0119,2025-12-18 18:00:37,DELIVERED,AK
ORD_00334,CUST_0180,2026-03-18 11:43:47,DELIVERED,FL
ORD_00335,CUST_0520,2024-11-26 11:01:36,DELIVERED,ME
ORD_00336,CUST_0527,2026-05-05 13:43:23,CANCELLED,MP
ORD_00337,CUST_0059,2025-01-28 03:02:52,DELIVERED,ME
ORD_00338,CUST_0478,2026-05-09 23:42:07,PLACED,MA
ORD_00339,CUST_0352,2026-06-13 01:51:12,CANCELLED,MP
ORD_00340,,2026-03-01 20:09:45,RETURNED,AL
ORD_00341,CUST_0247,2024-10-10 06:30:42,SHIPPED,SC
ORD_00342,CUST_0563,2024-11-24 01:01:09,SHIPPED,MP
ORD_00343,CUST_0345,2024-07-28 07:52:41,DELIVERED,CO
ORD_00344,CUST_0107,2026-06-17 21:37:24,DELIVERED,AL
ORD_00345,CUST_0322,2024-07-17 11:44:00,SHIPPED,OR
ORD_00346,CUST_0570,2026-05-29 00:15:43,DELIVERED,AK
ORD_00347,CUST_0232,2025-10-13 16:08:36,SHIPPED,NC
ORD_00348,CUST_0491,2024-10-06 00:42:20,PLACED,PA
ORD_00349,CUST_0598,2025-03-24 15:36:50,SHIPPED,SC
ORD_00350,CUST_0237,2024-10-14 10:28:28,DELIVERED,AR
ORD_00351,CUST_0218,2025-08-17 21:29:49,RETURNED,AL
ORD_00352,CUST_0254,2026-04-04 14:57:41,RETURNED,WV
ORD_00353,CUST_0251,2024-09-05 08:05:07,CANCELLED,VT
ORD_00354,CUST_0210,2025-06-13 11:23:29,DELIVERED,DC
ORD_00355,CUST_0225,2025-09-22 21:51:05,DELIVERED,NM
ORD_00356,CUST_0396,2024-12-14 17:05:46,CANCELLED,RI
ORD_00357,,2026-04-07 08:05:07,RETURNED,SC
ORD_00358,CUST_0469,2024-09-05 11:14:42,RETURNED,NE
ORD_00359,CUST_0071,2025-04-13 01:24:40,DELIVERED,SC
ORD_00360,CUST_0042,2024-09-07 16:34:40,RETURNED,MP
ORD_00361,CUST_0390,2026-02-18 17:45:07,CANCELLED,TX
ORD_00362,CUST_0021,2025-10-02 04:36:19,CANCELLED,PR
ORD_00363,CUST_0266,2025-02-27 04:44:15,CANCELLED,OK
ORD_00364,CUST_0008,2025-09-30 22:07:16,CANCELLED,GU
ORD_00365,CUST_0088,07-08-2024,CANCELLED,NJ
ORD_00366,CUST_0541,2026-01-29 15:01:33,SHIPPED,WV
ORD_00367,,2025-01-21 16:28:44,DELIVERED,WV
ORD_00368,CUST_0446,2025-10-13 01:10:05,SHIPPED,KY
ORD_00369,CUST_0075,2024-09-04 06:54:22,PLACED,WI
ORD_00370,CUST_0592,2025-09-23 09:26:59,CANCELLED,VT
ORD_00371,CUST_0494,2025-10-29 05:34:16,DELIVERED,ND
ORD_00372,CUST_0283,2024-10-16 18:11:40,DELIVERED,NV
ORD_00373,CUST_0130,2025-06-18 03:35:57,SHIPPED,WI
ORD_00374,CUST_0152,2025-10-10 07:09:38,PLACED,DE
ORD_00375,CUST_0443,2025-11-19 01:22:37,DELIVERED,FL
ORD_00376,CUST_0549,2025-03-23 01:18:49,RETURNED,ID
ORD_00377,CUST_0081,2025-06-29 23:00:33,DELIVERED,NY
ORD_00378,CUST_0237,2024-09-04 06:11:47,SHIPPED,NE
ORD_00379,,2026-04-10 18:46:35,DELIVERED,OR
ORD_00380,CUST_0460,2025-09-28 17:58:10,RETURNED,NV
ORD_00381,CUST_0362,2025-04-26 06:12:30,DELIVERED,TN
ORD_00382,CUST_0177,2025-11-02 12:25:49,DELIVERED,ND
ORD_00383,CUST_0431,2025-12-01 11:06:25,PLACED,FM
ORD_00384,CUST_0036,2024-11-09 16:59:49,DELIVERED,CO
ORD_00385,CUST_0127,2025-09-22 11:26:18,DELIVERED,SD
ORD_00386,CUST_0521,2026-05-23 11:09:14,CANCELLED,OK
ORD_00387,CUST_0579,2025-03-09 01:41:19,DELIVERED,AZ
ORD_00388,CUST_0038,2025-01-06 03:18:32,SHIPPED,ME
ORD_00389,CUST_0301,07-06-2025,SHIPPED,TX
ORD_00390,,2025-08-08 02:13:47,DELIVERED,IL
ORD_00391,CUST_0207,2025-03-01 12:42:10,DELIVERED,OH
ORD_00392,CUST_0475,2024-08-02 03:43:37,PLACED,KS
ORD_00393,CUST_0376,2026-01-10 07:56:50,CANCELLED,OR
ORD_00394,CUST_0306,2026-01-17 05:59:03,RETURNED,IN
ORD_00395,CUST_0118,2025-06-24 16:56:36,DELIVERED,AR
ORD_00396,CUST_0107,2025-02-06 15:24:24,PLACED,PR
ORD_00397,CUST_0402,2026-07-07 14:10:29,DELIVERED,ME
ORD_00398,CUST_0196,2025-04-10 17:28:47,DELIVERED,MH
ORD_00399,CUST_0371,2024-08-14 02:29:00,DELIVERED,NV
ORD_00400,CUST_0547,29-03-2026,DELIVERED,NY
ORD_00401,CUST_0326,2025-07-09 21:10:42,DELIVERED,MH
ORD_00402,CUST_0186,2025-11-14 20:20:48,DELIVERED,HI
ORD_00403,CUST_0387,2025-11-09 23:08:03,CANCELLED,MD
ORD_00404,CUST_0407,2026-07-05 00:25:55,DELIVERED,RI
ORD_00405,CUST_0452,2026-02-24 07:47:49,DELIVERED,NC
ORD_00406,,02-06-2025,CANCELLED,DE
ORD_00407,CUST_0385,2024-08-24 00:11:30,SHIPPED,FL
ORD_00408,CUST_0112,2025-12-23 18:26:18,PLACED,AK
ORD_00409,CUST_0097,2025-01-15 22:39:02,PLACED,AZ
ORD_00410,CUST_0185,26-02-2025,DELIVERED,GA
ORD_00411,,2025-08-29 06:52:02,DELIVERED,WV
ORD_00412,CUST_0316,22-07-2024,DELIVERED,WA
ORD_00413,CUST_0302,2026-03-20 08:40:05,CANCELLED,GU
ORD_00414,CUST_0117,2026-06-11 18:33:38,DELIVERED,SC
ORD_00415,CUST_0239,15-10-2024,RETURNED,KY
ORD_00416,CUST_0411,2024-10-27 09:22:56,SHIPPED,NH
ORD_00417,CUST_0556,2024-07-19 09:55:14,CANCELLED,WI
ORD_00418,CUST_0223,2025-10-15 18:34:01,PLACED,SD
ORD_00419,CUST_0400,2025-11-23 09:28:24,DELIVERED,AS
ORD_00420,CUST_0201,2025-08-09 15:14:42,PLACED,NE
ORD_00421,CUST_0258,2025-06-04 16:59:55,DELIVERED,IA
ORD_00422,CUST_0162,2026-05-04 02:07:48,SHIPPED,GU
ORD_00423,CUST_0431,2025-09-22 23:25:39,CANCELLED,KY
ORD_00424,CUST_0494,2024-09-16 06:35:41,SHIPPED,VA
ORD_00425,,2025-02-13 13:01:31,DELIVERED,NE
ORD_00426,CUST_0297,2024-11-30 11:23:46,DELIVERED,AZ
ORD_00427,CUST_0351,2026-06-15 06:11:39,SHIPPED,CT
ORD_00428,CUST_0168,2026-06-03 13:23:20,DELIVERED,DE
ORD_00429,CUST_0348,2025-01-16 13:33:01,DELIVERED,TX
ORD_00430,CUST_0152,2025-02-23 22:23:17,RETURNED,MN
ORD_00431,CUST_0154,2025-04-07 01:08:15,DELIVERED,AK
ORD_00432,CUST_0320,2025-08-15 18:58:31,SHIPPED,IA
ORD_00433,CUST_0309,2025-05-29 03:30:29,RETURNED,PW
ORD_00434,CUST_0077,2025-11-25 01:56:49,SHIPPED,HI
ORD_00435,CUST_0514,2024-08-07 14:42:54,DELIVERED,SD
ORD_00436,,2025-06-22 05:32:30,DELIVERED,VT
ORD_00437,CUST_0241,2025-09-10 19:00:29,CANCELLED,NC
ORD_00438,CUST_0564,2026-06-04 16:06:38,SHIPPED,TN
ORD_00439,CUST_0270,2024-12-14 10:48:31,CANCELLED,KY
ORD_00440,CUST_0181,2026-04-30 15:00:27,DELIVERED,IN
ORD_00441,CUST_0418,2024-08-23 02:53:24,SHIPPED,NH
ORD_00442,CUST_0378,2024-11-15 01:53:50,DELIVERED,MP
ORD_00443,CUST_0398,2025-07-06 00:24:03,SHIPPED,NE
ORD_00444,,2026-03-30 11:43:46,SHIPPED,PA
ORD_00445,CUST_0138,2025-12-13 00:09:08,CANCELLED,CO
ORD_00446,CUST_0381,2026-01-28 03:44:34,SHIPPED,SC
ORD_00447,CUST_0080,2025-04-22 01:21:25,SHIPPED,NC
ORD_00448,CUST_0213,2025-08-03 22:57:18,DELIVERED,CT
ORD_00449,CUST_0226,2026-05-04 14:30:07,DELIVERED,ID
ORD_00450,CUST_0012,2025-02-27 09:49:52,DELIVERED,WY
ORD_00451,CUST_0316,2026-06-20 14:44:43,SHIPPED,NY
ORD_00452,CUST_0212,2025-05-07 10:51:44,DELIVERED,TN
ORD_00453,CUST_0341,2024-10-07 19:58:51,RETURNED,AR
ORD_00454,CUST_0143,2025-10-29 14:28:05,PLACED,AS
ORD_00455,CUST_0112,2026-02-16 11:59:52,SHIPPED,WI
ORD_00456,CUST_0085,2025-08-13 00:29:12,RETURNED,TX
ORD_00457,CUST_0550,2024-09-29 13:29:00,DELIVERED,SD
ORD_00458,CUST_0398,2026-04-06 22:50:49,SHIPPED,VA
ORD_00459,CUST_0366,2024-07-17 10:01:04,SHIPPED,MO
ORD_00460,CUST_0133,2026-04-13 00:26:18,DELIVERED,MO
ORD_00461,CUST_0273,2024-11-18 10:29:20,DELIVERED,FL
ORD_00462,CUST_0071,2026-01-24 15:28:00,SHIPPED,NY
ORD_00463,CUST_0433,2026-03-16 01:38:50,DELIVERED,NH
ORD_00464,CUST_0382,2026-05-26 09:14:42,PLACED,WV
ORD_00465,CUST_0466,2024-12-06 08:35:17,SHIPPED,MT
ORD_00466,CUST_0218,2025-08-11 21:32:00,SHIPPED,DE
ORD_00467,CUST_0565,2026-07-01 12:56:15,DELIVERED,OH
ORD_00468,CUST_0084,2025-03-16 04:49:48,RETURNED,MN
ORD_00469,CUST_0229,2025-11-12 12:42:57,SHIPPED,MH
ORD_00470,CUST_0350,2024-08-30 02:21:08,DELIVERED,UT
ORD_00471,CUST_0239,2025-08-29 13:08:56,SHIPPED,OR
ORD_00472,CUST_0150,2025-07-23 07:01:12,DELIVERED,AK
ORD_00473,CUST_0197,2025-04-01 19:08:59,SHIPPED,FL
ORD_00474,CUST_0242,2026-02-06 15:34:18,DELIVERED,MD
ORD_00475,CUST_0562,2025-10-04 14:18:12,CANCELLED,PA
ORD_00476,CUST_0097,2025-12-22 07:49:30,SHIPPED,ID
ORD_00477,CUST_0352,2026-02-10 23:51:23,DELIVERED,NC
ORD_00478,CUST_0599,2025-12-09 07:39:27,DELIVERED,HI
ORD_00479,CUST_0285,2024-10-02 14:18:07,DELIVERED,WV
ORD_00480,CUST_0378,2025-12-02 17:31:24,RETURNED,TN
ORD_00481,CUST_0189,2025-07-21 17:04:48,DELIVERED,IL
ORD_00482,CUST_0120,2025-04-29 21:43:47,SHIPPED,GU
ORD_00483,CUST_0551,2025-08-28 23:04:01,DELIVERED,ND
ORD_00484,CUST_0464,2025-06-15 09:07:02,SHIPPED,AS
ORD_00485,CUST_0564,2024-12-16 09:12:19,DELIVERED,MO
ORD_00486,CUST_0008,2024-09-16 03:17:58,DELIVERED,VI
ORD_00487,CUST_0016,2025-09-17 23:56:35,DELIVERED,MD
ORD_00488,CUST_0198,2026-03-17 18:35:15,DELIVERED,NV
ORD_00489,CUST_0102,2025-07-29 09:18:19,CANCELLED,AL
ORD_00490,CUST_0061,2025-09-07 19:13:06,DELIVERED,LA
ORD_00491,CUST_0479,2025-08-28 05:29:43,PLACED,AR
ORD_00492,CUST_0377,2025-10-01 03:52:21,PLACED,AL
ORD_00493,CUST_0031,2025-01-24 16:08:24,DELIVERED,AL
ORD_00494,CUST_0362,2024-12-11 15:34:39,RETURNED,AS
ORD_00495,CUST_0341,2025-07-06 03:32:54,SHIPPED,MS
ORD_00496,CUST_0485,2026-07-02 09:20:46,SHIPPED,NE
ORD_00497,CUST_0077,2025-02-24 09:27:07,SHIPPED,RI
ORD_00498,CUST_0033,2024-12-12 20:46:58,DELIVERED,ME
ORD_00499,CUST_0274,2026-01-27 15:53:24,DELIVERED,VA
ORD_00500,CUST_0188,2024-10-03 14:19:05,SHIPPED,NM
ORD_00501,CUST_0158,2026-04-21 10:14:33,DELIVERED,TX
ORD_00502,CUST_0094,2024-09-04 22:17:13,DELIVERED,AL
ORD_00503,CUST_0598,2025-06-18 11:30:52,SHIPPED,CT
ORD_00504,CUST_0427,2025-06-23 05:24:52,RETURNED,KY
ORD_00505,CUST_0081,2025-09-09 22:04:31,DELIVERED,OR
ORD_00506,CUST_0457,2024-08-12 07:00:56,CANCELLED,NM
ORD_00507,CUST_0180,2024-11-27 20:58:11,DELIVERED,OR
ORD_00508,CUST_0383,2025-05-28 19:57:04,PLACED,AL
ORD_00509,CUST_0011,2026-03-19 02:09:19,CANCELLED,MP
ORD_00510,CUST_0114,2025-09-15 11:19:24,DELIVERED,AL
ORD_00511,CUST_0557,2026-03-07 11:45:12,PLACED,NM
ORD_00512,CUST_0289,2024-12-31 10:26:57,DELIVERED,WI
ORD_00513,CUST_0144,2025-12-13 23:19:09,DELIVERED,VA
ORD_00514,CUST_0502,2025-03-06 22:03:13,DELIVERED,WA
ORD_00515,CUST_0015,2025-12-21 14:52:22,DELIVERED,AK
ORD_00516,CUST_0151,2025-05-19 10:35:35,CANCELLED,OH
ORD_00517,CUST_0065,2025-07-06 16:28:05,PLACED,AS
ORD_00518,,24-02-2025,SHIPPED,VT
ORD_00519,CUST_0120,2026-02-21 01:24:07,DELIVERED,OK
ORD_00520,CUST_0530,2026-04-12 12:46:32,DELIVERED,FM
ORD_00521,CUST_0548,17-01-2026,SHIPPED,VA
ORD_00522,CUST_0317,2024-10-07 05:15:01,DELIVERED,OH
ORD_00523,CUST_0171,2025-06-08 06:12:39,DELIVERED,PA
ORD_00524,CUST_0428,2026-04-09 22:38:35,RETURNED,OK
ORD_00525,CUST_0466,2025-07-20 18:55:32,SHIPPED,IN
ORD_00526,CUST_0009,2025-06-19 20:32:08,SHIPPED,MS
ORD_00527,CUST_0439,2024-08-13 10:18:25,DELIVERED,KS
ORD_00528,CUST_0493,2026-06-21 17:10:24,DELIVERED,MD
ORD_00529,CUST_0507,2026-01-31 18:52:08,DELIVERED,WY
ORD_00530,CUST_0247,2025-10-24 03:44:21,DELIVERED,PW
ORD_00531,CUST_0323,2025-05-18 05:34:48,DELIVERED,KS
ORD_00532,CUST_0116,2025-05-30 15:28:55,DELIVERED,WI
ORD_00533,CUST_0538,2025-04-15 08:01:50,PLACED,IN
ORD_00534,CUST_0042,2025-12-15 06:46:19,SHIPPED,ND
ORD_00535,CUST_0187,2024-08-21 18:29:42,SHIPPED,HI
ORD_00536,CUST_0552,2026-03-26 14:07:57,SHIPPED,MO
ORD_00537,CUST_0475,2026-05-04 16:59:56,DELIVERED,MN
ORD_00538,CUST_0534,2025-12-14 15:29:56,DELIVERED,IL
ORD_00539,CUST_0213,2025-02-19 19:43:10,SHIPPED,GU
ORD_00540,CUST_0216,2024-12-20 03:13:44,DELIVERED,VI
ORD_00541,CUST_0340,2024-08-06 13:40:42,SHIPPED,KY
ORD_00542,CUST_0484,2025-05-10 06:27:05,DELIVERED,UT
ORD_00543,CUST_0387,2026-03-18 06:51:49,DELIVERED,AS
ORD_00544,CUST_0019,2026-06-06 11:37:55,SHIPPED,WI
ORD_00545,CUST_0562,2026-04-26 18:01:07,SHIPPED,ID
ORD_00546,CUST_0527,2025-02-02 09:01:47,SHIPPED,OK
ORD_00547,CUST_0299,2024-09-16 17:09:00,DELIVERED,PA
ORD_00548,,2024-09-14 12:45:08,SHIPPED,KS
ORD_00549,CUST_0587,2024-12-07 09:57:12,SHIPPED,HI
ORD_00550,CUST_0395,2026-03-31 07:39:52,DELIVERED,MI
ORD_00551,CUST_0243,2026-03-06 01:01:11,DELIVERED,FL
ORD_00552,CUST_0194,2026-05-02 05:39:47,DELIVERED,GA
ORD_00553,CUST_0227,2026-01-18 05:20:16,SHIPPED,FL
ORD_00554,CUST_0247,2024-12-04 03:55:45,DELIVERED,SC
ORD_00555,CUST_0315,2024-11-27 03:02:02,DELIVERED,ME
ORD_00556,CUST_0085,2025-06-02 17:21:24,CANCELLED,PR
ORD_00557,CUST_0076,2025-05-03 19:27:05,PLACED,ID
ORD_00558,CUST_0563,2025-04-29 06:54:28,DELIVERED,MP
ORD_00559,CUST_0311,2025-09-05 01:32:20,DELIVERED,AS
ORD_00560,CUST_0485,2025-07-20 02:07:08,RETURNED,ME
ORD_00561,CUST_0031,2024-11-17 14:33:13,CANCELLED,MS
ORD_00562,CUST_0303,2025-11-08 15:25:02,DELIVERED,KS
ORD_00563,CUST_0401,2024-08-18 01:49:46,DELIVERED,NC
ORD_00564,CUST_0427,2024-08-12 05:11:35,DELIVERED,DC
ORD_00565,CUST_0012,2026-07-05 06:34:38,DELIVERED,IN
ORD_00566,CUST_0286,2025-05-17 13:37:28,DELIVERED,OR
ORD_00567,CUST_0098,2025-02-20 10:23:41,RETURNED,IN
ORD_00568,CUST_0499,2025-12-14 04:46:11,DELIVERED,KY
ORD_00569,CUST_0260,2026-01-04 18:15:22,CANCELLED,PR
ORD_00570,CUST_0485,2025-04-02 12:40:54,RETURNED,SC
ORD_00571,CUST_0223,2025-03-23 13:52:16,PLACED,NH
ORD_00572,CUST_0046,22-12-2024,CANCELLED,GU
ORD_00573,CUST_0098,2024-11-15 00:22:09,DELIVERED,NE
ORD_00574,CUST_0007,2026-07-06 16:09:31,DELIVERED,AS
ORD_00575,CUST_0106,2026-03-06 11:22:59,PLACED,GU
ORD_00576,CUST_0133,2026-02-06 18:46:43,DELIVERED,GU
ORD_00577,CUST_0020,2025-03-31 09:13:59,DELIVERED,AR
ORD_00578,CUST_0560,2024-08-09 12:17:41,PLACED,LA
ORD_00579,CUST_0441,2026-03-02 20:25:07,PLACED,WV
ORD_00580,CUST_0285,2025-04-23 10:59:23,RETURNED,FL
ORD_00581,CUST_0502,2026-04-04 16:29:13,DELIVERED,WY
ORD_00582,CUST_0080,2025-12-09 22:35:29,RETURNED,DC
ORD_00583,CUST_0056,2024-12-11 16:46:07,RETURNED,FL
ORD_00584,CUST_0379,2024-12-06 23:52:58,CANCELLED,UT
ORD_00585,,2024-11-13 13:27:39,DELIVERED,IA
ORD_00586,CUST_0386,2025-10-21 01:19:50,PLACED,VA
ORD_00587,CUST_0404,2026-02-20 03:51:38,RETURNED,ME
ORD_00588,CUST_0256,2025-09-14 08:03:46,DELIVERED,MS
ORD_00589,CUST_0342,2026-04-28 03:45:46,CANCELLED,IA
ORD_00590,,2025-01-20 17:07:54,SHIPPED,OR
ORD_00591,CUST_0453,2025-03-01 14:18:15,DELIVERED,PR
ORD_00592,CUST_0117,2025-04-26 19:56:33,PLACED,WI
ORD_00593,CUST_0587,2026-02-03 06:31:00,DELIVERED,CT
ORD_00594,CUST_0403,2024-09-06 20:57:48,RETURNED,NM
ORD_00595,CUST_0457,2026-04-17 19:47:50,SHIPPED,LA
ORD_00596,CUST_0592,2025-02-08 16:00:12,SHIPPED,HI
ORD_00597,CUST_0058,2024-11-11 04:04:38,SHIPPED,NY
ORD_00598,CUST_0066,2025-12-10 14:09:33,SHIPPED,PW
ORD_00599,CUST_0324,2025-11-14 10:24:01,DELIVERED,MS
ORD_00600,CUST_0095,2026-03-07 23:32:41,CANCELLED,MA
